תאריך,הגרלה,תלתן,יהלום,לב,עלה
12/03/2025,50667,Q,Q,8,Q,
13/03/2025,50668,Q,J,Q,A,
13/03/2025,50669,K,9,7,10,
13/03/2025,50670,A,10,Q,K,
13/03/2025,50671,K,K,8,Q,
13/03/2025,50672,8,8,8,Q,
13/03/2025,50673,Q,9,7,J,
13/03/2025,50674,Q,K,J,10,
14/03/2025,50675,A,7,J,8,
14/03/2025,50676,J,8,8,8,
14/03/2025,50677,Q,J,8,8,
15/03/2025,50678,A,A,J,K,
15/03/2025,50679,8,Q,J,J,
16/03/2025,50680,K,10,A,9,
16/03/2025,50681,K,9,A,A,
16/03/2025,50682,8,7,8,10,
16/03/2025,50683,J,10,10,8,
16/03/2025,50684,J,7,7,7,
16/03/2025,50685,9,7,9,8,
16/03/2025,50686,J,K,7,7,
17/03/2025,50687,Q,J,10,10,
17/03/2025,50688,9,J,A,J,
17/03/2025,50689,9,Q,8,10,
17/03/2025,50690,J,Q,K,K,
17/03/2025,50691,Q,J,10,A,
17/03/2025,50692,Q,K,9,K,
17/03/2025,50693,8,9,K,J,
18/03/2025,50694,8,7,8,Q,
18/03/2025,50695,9,Q,10,9,
18/03/2025,50696,J,10,Q,A,
18/03/2025,50697,Q,J,7,7,
18/03/2025,50698,A,J,7,Q,
18/03/2025,50699,9,8,Q,K,
18/03/2025,50700,9,8,K,9,
19/03/2025,50701,10,J,Q,9,
19/03/2025,50702,A,J,8,A,
19/03/2025,50703,9,J,J,9,
19/03/2025,50704,7,8,J,7,
19/03/2025,50705,Q,8,Q,A,
19/03/2025,50706,7,K,K,Q,
19/03/2025,50707,9,J,J,9,
20/03/2025,50708,J,10,9,K,
20/03/2025,50709,8,8,8,10,
20/03/2025,50710,A,9,8,9,
20/03/2025,50711,8,8,8,9,
20/03/2025,50712,Q,7,K,8,
20/03/2025,50713,7,9,8,10,
20/03/2025,50714,10,8,10,Q,
21/03/2025,50715,J,K,J,K,
21/03/2025,50716,Q,K,7,10,
21/03/2025,50717,K,10,K,10,
22/03/2025,50718,9,J,Q,K,
22/03/2025,50719,K,A,Q,7,
23/03/2025,50720,J,7,9,J,
23/03/2025,50721,8,A,10,8,
23/03/2025,50722,K,10,A,K,
23/03/2025,50723,10,10,A,A,
23/03/2025,50724,K,J,7,Q,
23/03/2025,50725,10,10,7,K,
23/03/2025,50726,7,8,7,7,
24/03/2025,50727,7,J,10,8,
24/03/2025,50728,9,Q,10,9,
24/03/2025,50729,J,J,Q,7,
24/03/2025,50730,K,10,9,J,
24/03/2025,50731,8,A,Q,A,
24/03/2025,50732,8,9,9,A,
24/03/2025,50733,10,8,10,10,
25/03/2025,50734,Q,Q,9,8,
25/03/2025,50735,7,Q,A,8,
25/03/2025,50736,10,10,K,7,
25/03/2025,50737,10,7,A,A,
25/03/2025,50738,Q,Q,K,8,
25/03/2025,50739,10,A,J,8,
25/03/2025,50740,J,8,A,10,
26/03/2025,50741,10,K,K,Q,
26/03/2025,50742,7,A,7,7,
26/03/2025,50743,10,7,J,9,
26/03/2025,50744,7,10,8,10,
26/03/2025,50745,Q,10,10,8,
26/03/2025,50746,9,K,A,7,
26/03/2025,50747,10,10,J,9,
27/03/2025,50748,8,10,7,8,
27/03/2025,50749,J,10,9,Q,
27/03/2025,50750,9,Q,A,A,
27/03/2025,50751,J,Q,9,8,
27/03/2025,50752,10,K,Q,10,
27/03/2025,50753,A,J,J,8,
27/03/2025,50754,8,A,9,Q,
28/03/2025,50755,K,Q,K,Q,
28/03/2025,50756,9,Q,Q,8,
28/03/2025,50757,8,8,J,K,
29/03/2025,50758,7,8,K,7,
29/03/2025,50759,8,K,8,J,
30/03/2025,50760,9,Q,8,9,
30/03/2025,50761,Q,7,10,K,
30/03/2025,50762,7,J,J,A,
30/03/2025,50763,J,10,J,A,
30/03/2025,50764,10,8,7,Q,
30/03/2025,50765,10,K,8,10,
30/03/2025,50766,7,10,J,9,
31/03/2025,50767,J,Q,A,10,
31/03/2025,50768,A,J,J,7,
31/03/2025,50769,10,Q,K,A,
31/03/2025,50770,Q,9,K,8,
31/03/2025,50771,8,A,10,K,
31/03/2025,50772,7,9,K,9,
31/03/2025,50773,9,8,10,9,
01/04/2025,50774,A,J,10,K,
01/04/2025,50775,10,K,J,Q,
01/04/2025,50776,8,A,10,8,
01/04/2025,50777,Q,8,J,7,
01/04/2025,50778,8,K,10,Q,
01/04/2025,50779,A,8,A,Q,
01/04/2025,50780,7,K,7,9,
02/04/2025,50781,8,Q,J,9,
02/04/2025,50782,Q,8,A,A,
02/04/2025,50783,10,9,J,K,
02/04/2025,50784,10,9,Q,K,
02/04/2025,50785,8,9,7,Q,
02/04/2025,50786,Q,J,K,J,
02/04/2025,50787,J,7,8,A,
03/04/2025,50788,K,8,9,7,
03/04/2025,50789,8,J,9,8,
03/04/2025,50790,A,A,K,K,
03/04/2025,50791,K,A,8,10,
03/04/2025,50792,7,9,10,A,
03/04/2025,50793,A,7,10,9,
03/04/2025,50794,7,7,J,J,
04/04/2025,50795,8,10,Q,K,
04/04/2025,50796,9,J,A,Q,
04/04/2025,50797,K,8,7,A,
05/04/2025,50798,A,A,Q,8,
05/04/2025,50799,9,8,J,Q,
06/04/2025,50800,10,J,Q,J,
06/04/2025,50801,8,10,Q,7,
06/04/2025,50802,Q,9,9,J,
06/04/2025,50803,Q,7,10,10,
06/04/2025,50804,J,8,J,K,
06/04/2025,50805,Q,8,J,8,
06/04/2025,50806,8,K,10,A,
07/04/2025,50807,8,J,K,A,
07/04/2025,50808,9,7,7,Q,
07/04/2025,50809,10,Q,Q,7,
07/04/2025,50810,Q,8,J,7,
07/04/2025,50811,K,K,A,K,
07/04/2025,50812,10,A,10,A,
07/04/2025,50813,K,A,A,7,
08/04/2025,50814,10,A,J,J,
08/04/2025,50815,A,9,Q,8,
08/04/2025,50816,10,K,A,7,
08/04/2025,50817,Q,7,10,7,
08/04/2025,50818,9,9,7,8,
08/04/2025,50819,J,7,9,10,
08/04/2025,50820,10,J,7,Q,
09/04/2025,50821,8,A,7,7,
09/04/2025,50822,10,9,Q,9,
09/04/2025,50823,9,9,7,8,
09/04/2025,50824,A,7,A,K,
09/04/2025,50825,7,J,A,J,
09/04/2025,50826,K,10,Q,8,
09/04/2025,50827,8,A,Q,Q,
10/04/2025,50828,8,Q,9,Q,
10/04/2025,50829,K,K,7,10,
10/04/2025,50830,J,7,K,9,
10/04/2025,50831,Q,A,Q,9,
10/04/2025,50832,8,J,J,Q,
10/04/2025,50833,J,Q,10,9,
10/04/2025,50834,7,K,7,A,
11/04/2025,50835,7,8,7,K,
11/04/2025,50836,J,K,K,8,
11/04/2025,50837,Q,A,9,8,
13/04/2025,50838,7,9,8,Q,
14/04/2025,50839,K,K,8,7,
14/04/2025,50840,7,K,7,9,
14/04/2025,50841,7,A,J,K,
14/04/2025,50842,9,Q,9,9,
14/04/2025,50843,7,Q,A,9,
14/04/2025,50844,A,9,Q,Q,
14/04/2025,50845,A,A,J,A,
15/04/2025,50846,10,9,7,9,
15/04/2025,50847,10,A,J,8,
15/04/2025,50848,K,9,A,8,
15/04/2025,50849,8,9,7,9,
15/04/2025,50850,8,8,8,J,
15/04/2025,50851,8,K,A,J,
15/04/2025,50852,A,J,K,7,
16/04/2025,50853,K,8,9,Q,
16/04/2025,50854,Q,9,10,A,
16/04/2025,50855,8,10,A,K,
16/04/2025,50856,8,Q,10,9,
16/04/2025,50857,A,8,J,9,
16/04/2025,50858,7,J,10,A,
16/04/2025,50859,K,A,10,10,
17/04/2025,50860,10,K,J,9,
17/04/2025,50861,8,8,9,A,
17/04/2025,50862,A,Q,Q,8,
17/04/2025,50863,10,Q,K,A,
17/04/2025,50864,Q,8,Q,J,
17/04/2025,50865,A,J,9,K,
17/04/2025,50866,A,10,8,J,
18/04/2025,50867,7,10,K,K,
18/04/2025,50868,7,9,9,Q,
18/04/2025,50869,K,Q,7,K,
19/04/2025,50870,10,A,9,A,
19/04/2025,50871,J,K,9,Q,
20/04/2025,50872,10,Q,Q,10,
20/04/2025,50873,7,Q,Q,8,
20/04/2025,50874,7,Q,9,J,
20/04/2025,50875,J,9,8,K,
20/04/2025,50876,J,K,A,K,
20/04/2025,50877,10,K,K,8,
20/04/2025,50878,7,10,10,J,
21/04/2025,50879,10,Q,8,7,
21/04/2025,50880,K,J,A,10,
21/04/2025,50881,9,9,J,10,
21/04/2025,50882,K,A,Q,9,
21/04/2025,50883,9,Q,7,J,
21/04/2025,50884,K,7,7,8,
21/04/2025,50885,8,K,K,9,
22/04/2025,50886,Q,9,J,A,
22/04/2025,50887,A,9,8,8,
22/04/2025,50888,J,A,9,10,
22/04/2025,50889,8,Q,Q,7,
22/04/2025,50890,J,9,K,A,
22/04/2025,50891,9,A,10,9,
22/04/2025,50892,10,9,K,9,
23/04/2025,50893,K,A,8,Q,
23/04/2025,50894,A,7,8,7,
23/04/2025,50895,Q,9,8,7,
23/04/2025,50896,K,J,Q,10,
24/04/2025,50897,9,7,10,10,
25/04/2025,50898,8,10,10,7,
25/04/2025,50899,J,8,Q,9,
25/04/2025,50900,Q,K,Q,10,
26/04/2025,50901,8,10,7,J,
26/04/2025,50902,J,A,A,A,
27/04/2025,50903,J,Q,10,A,
27/04/2025,50904,9,9,9,8,
27/04/2025,50905,J,9,8,7,
27/04/2025,50906,10,J,7,A,
27/04/2025,50907,A,7,J,K,
27/04/2025,50908,9,K,K,7,
27/04/2025,50909,A,8,8,J,
28/04/2025,50910,7,8,8,7,
28/04/2025,50911,7,9,J,9,
28/04/2025,50912,J,9,7,9,
28/04/2025,50913,Q,10,9,8,
28/04/2025,50914,9,Q,7,Q,
28/04/2025,50915,8,7,7,10,
28/04/2025,50916,J,J,K,K,
29/04/2025,50917,9,8,10,A,
29/04/2025,50918,Q,J,J,K,
29/04/2025,50919,9,9,J,9,
29/04/2025,50920,9,A,7,8,
30/04/2025,50921,9,A,9,K,
01/05/2025,50922,10,J,7,A,
02/05/2025,50923,Q,9,A,9,
02/05/2025,50924,Q,10,A,Q,
02/05/2025,50925,10,A,A,10,
03/05/2025,50926,7,10,8,9,
03/05/2025,50927,J,Q,7,8,
04/05/2025,50928,8,9,9,Q,
04/05/2025,50929,J,J,Q,8,
04/05/2025,50930,9,K,8,8,
04/05/2025,50931,10,9,7,Q,
04/05/2025,50932,10,9,J,9,
04/05/2025,50933,9,A,K,J,
04/05/2025,50934,9,K,7,Q,
05/05/2025,50935,K,7,Q,9,
05/05/2025,50936,Q,9,7,10,
05/05/2025,50937,J,10,J,9,
05/05/2025,50938,K,Q,7,10,
05/05/2025,50939,J,K,K,9,
05/05/2025,50940,K,A,J,8,
05/05/2025,50941,Q,A,K,7,
06/05/2025,50942,10,9,7,Q,
06/05/2025,50943,J,Q,10,A,
06/05/2025,50944,10,10,Q,A,
06/05/2025,50945,8,Q,7,9,
06/05/2025,50946,7,Q,9,A,
06/05/2025,50947,8,8,10,Q,
06/05/2025,50948,8,7,7,8,
07/05/2025,50949,K,10,J,J,
07/05/2025,50950,10,8,Q,10,
07/05/2025,50951,8,Q,K,A,
07/05/2025,50952,A,10,9,9,
07/05/2025,50953,Q,K,9,10,
07/05/2025,50954,8,8,7,7,
07/05/2025,50955,8,J,9,8,
08/05/2025,50956,K,J,7,J,
08/05/2025,50957,8,Q,A,10,
08/05/2025,50958,A,7,J,Q,
08/05/2025,50959,9,8,9,9,
08/05/2025,50960,9,J,10,J,
08/05/2025,50961,10,K,10,9,
08/05/2025,50962,7,A,K,8,
09/05/2025,50963,K,Q,K,K,
09/05/2025,50964,9,Q,J,K,
09/05/2025,50965,K,J,A,8,
10/05/2025,50966,9,A,10,K,
10/05/2025,50967,8,10,7,Q,
11/05/2025,50968,7,A,A,K,
11/05/2025,50969,K,10,A,7,
11/05/2025,50970,9,J,K,8,
11/05/2025,50971,J,A,10,8,
11/05/2025,50972,7,K,8,9,
11/05/2025,50973,10,9,A,K,
11/05/2025,50974,Q,7,7,Q,
12/05/2025,50975,J,7,9,Q,
12/05/2025,50976,10,J,9,J,
12/05/2025,50977,8,8,A,8,
12/05/2025,50978,10,K,7,10,
12/05/2025,50979,A,J,7,10,
12/05/2025,50980,9,9,A,7,
12/05/2025,50981,A,A,7,K,
13/05/2025,50982,7,Q,J,10,
13/05/2025,50983,A,9,10,A,
13/05/2025,50984,K,Q,10,8,
13/05/2025,50985,9,Q,A,9,
13/05/2025,50986,9,8,Q,9,
13/05/2025,50987,7,J,J,8,
13/05/2025,50988,8,Q,8,K,
14/05/2025,50989,K,10,K,J,
14/05/2025,50990,7,J,7,J,
14/05/2025,50991,J,A,J,10,
14/05/2025,50992,8,10,9,Q,
14/05/2025,50993,J,J,7,A,
14/05/2025,50994,J,Q,K,Q,
14/05/2025,50995,J,Q,Q,K,
15/05/2025,50996,8,10,K,A,
15/05/2025,50997,A,9,10,Q,
15/05/2025,50998,9,J,7,K,
15/05/2025,50999,A,10,K,Q,
15/05/2025,51000,J,J,K,8,
15/05/2025,51001,Q,9,K,A,
15/05/2025,51002,10,7,8,A,
16/05/2025,51003,A,J,Q,9,
16/05/2025,51004,J,J,7,10,
16/05/2025,51005,J,A,Q,K,
17/05/2025,51006,7,10,Q,8,
17/05/2025,51007,Q,Q,7,9,
18/05/2025,51008,9,J,7,7,
18/05/2025,51009,7,7,J,9,
18/05/2025,51010,7,A,7,J,
18/05/2025,51011,K,9,10,10,
18/05/2025,51012,8,8,K,9,
18/05/2025,51013,Q,9,J,A,
18/05/2025,51014,9,Q,A,10,
19/05/2025,51015,10,10,7,J,
19/05/2025,51016,9,7,Q,7,
19/05/2025,51017,9,A,A,A,
19/05/2025,51018,7,9,A,10,
19/05/2025,51019,A,8,Q,8,
19/05/2025,51020,A,A,8,9,
19/05/2025,51021,7,7,9,Q,
20/05/2025,51022,J,A,8,9,
20/05/2025,51023,9,J,8,J,
20/05/2025,51024,8,J,A,10,
20/05/2025,51025,9,10,10,8,
20/05/2025,51026,9,10,9,Q,
20/05/2025,51027,J,Q,7,7,
20/05/2025,51028,K,K,Q,K,
21/05/2025,51029,K,10,9,7,
21/05/2025,51030,A,8,7,J,
21/05/2025,51031,K,9,10,7,
21/05/2025,51032,10,8,8,K,
21/05/2025,51033,A,8,Q,A,
21/05/2025,51034,J,K,A,A,
21/05/2025,51035,10,Q,10,K,
22/05/2025,51036,7,A,Q,10,
22/05/2025,51037,A,Q,7,10,
22/05/2025,51038,A,J,Q,10,
22/05/2025,51039,A,Q,8,7,
22/05/2025,51040,7,10,K,A,
22/05/2025,51041,10,10,8,Q,
22/05/2025,51042,7,10,Q,7,
23/05/2025,51043,K,A,Q,9,
23/05/2025,51044,7,K,A,8,
23/05/2025,51045,8,K,A,Q,
24/05/2025,51046,Q,A,9,10,
24/05/2025,51047,K,Q,7,7,
25/05/2025,51048,J,8,J,K,
25/05/2025,51049,K,K,Q,A,
25/05/2025,51050,J,9,8,J,
25/05/2025,51051,A,8,10,9,
25/05/2025,51052,9,J,A,8,
25/05/2025,51053,J,J,J,9,
25/05/2025,51054,A,7,J,A,
26/05/2025,51055,8,10,J,K,
26/05/2025,51056,K,A,K,Q,
26/05/2025,51057,8,J,7,Q,
26/05/2025,51058,10,K,J,K,
26/05/2025,51059,J,J,A,10,
26/05/2025,51060,A,9,K,9,
26/05/2025,51061,10,9,K,9,
27/05/2025,51062,8,A,7,9,
27/05/2025,51063,Q,A,K,10,
27/05/2025,51064,J,Q,A,10,
27/05/2025,51065,8,7,Q,J,
27/05/2025,51066,Q,8,10,10,
27/05/2025,51067,A,J,Q,9,
27/05/2025,51068,9,8,A,7,
28/05/2025,51069,7,K,9,9,
28/05/2025,51070,7,Q,Q,9,
28/05/2025,51071,7,J,9,K,
28/05/2025,51072,7,Q,Q,K,
28/05/2025,51073,9,10,10,9,
28/05/2025,51074,J,9,10,Q,
28/05/2025,51075,10,Q,9,A,
29/05/2025,51076,Q,9,9,J,
29/05/2025,51077,Q,A,Q,7,
29/05/2025,51078,9,J,8,A,
29/05/2025,51079,9,K,9,A,
29/05/2025,51080,10,9,8,J,
29/05/2025,51081,7,8,9,10,
29/05/2025,51082,9,A,9,10,
30/05/2025,51083,J,9,A,9,
30/05/2025,51084,A,J,7,9,
30/05/2025,51085,10,8,10,A,
31/05/2025,51086,10,7,8,K,
31/05/2025,51087,8,10,Q,A,
01/06/2025,51088,A,Q,K,8,
01/06/2025,51089,8,K,J,J,
01/06/2025,51090,J,A,A,J,
02/06/2025,51091,9,10,9,J,
03/06/2025,51092,K,8,10,9,
03/06/2025,51093,7,8,J,8,
03/06/2025,51094,J,10,10,10,
03/06/2025,51095,K,J,10,8,
03/06/2025,51096,A,K,Q,10,
03/06/2025,51097,K,Q,10,7,
03/06/2025,51098,9,8,J,Q,
04/06/2025,51099,9,J,Q,Q,
04/06/2025,51100,10,9,8,K,
04/06/2025,51101,K,8,K,10,
04/06/2025,51102,J,K,10,K,
04/06/2025,51103,A,10,10,A,
04/06/2025,51104,7,9,8,Q,
04/06/2025,51105,8,9,7,K,
05/06/2025,51106,7,A,A,8,
05/06/2025,51107,10,K,7,7,
05/06/2025,51108,9,J,8,10,
05/06/2025,51109,K,8,K,Q,
05/06/2025,51110,8,9,7,9,
05/06/2025,51111,Q,8,A,7,
05/06/2025,51112,7,Q,7,K,
06/06/2025,51113,A,10,8,8,
06/06/2025,51114,J,Q,7,K,
06/06/2025,51115,9,A,Q,8,
07/06/2025,51116,9,A,J,8,
07/06/2025,51117,A,9,J,Q,
08/06/2025,51118,A,9,Q,Q,
08/06/2025,51119,K,J,8,J,
08/06/2025,51120,A,Q,10,A,
08/06/2025,51121,J,Q,9,K,
08/06/2025,51122,K,J,Q,Q,
08/06/2025,51123,7,Q,K,A,
08/06/2025,51124,J,A,K,8,
09/06/2025,51125,10,K,A,7,
09/06/2025,51126,8,9,9,10,
09/06/2025,51127,A,Q,9,Q,
09/06/2025,51128,K,8,A,7,
09/06/2025,51129,7,K,7,K,
09/06/2025,51130,10,Q,K,8,
09/06/2025,51131,10,10,7,9,
10/06/2025,51132,7,A,J,A,
10/06/2025,51133,Q,10,A,8,
10/06/2025,51134,7,Q,A,A,
10/06/2025,51135,7,A,10,A,
10/06/2025,51136,7,8,K,K,
10/06/2025,51137,A,8,10,8,
10/06/2025,51138,Q,9,K,9,
11/06/2025,51139,8,7,7,8,
11/06/2025,51140,10,K,A,8,
11/06/2025,51141,J,7,7,7,
11/06/2025,51142,10,K,8,9,
11/06/2025,51143,A,Q,7,J,
11/06/2025,51144,Q,J,7,J,
11/06/2025,51145,J,10,A,8,
12/06/2025,51146,K,Q,A,8,
12/06/2025,51147,8,Q,8,10,
12/06/2025,51148,J,8,A,7,
12/06/2025,51149,K,9,K,7,
12/06/2025,51150,J,J,K,8,
12/06/2025,51151,10,7,A,K,
12/06/2025,51152,7,A,9,Q,
19/06/2025,51153,K,8,J,J,
19/06/2025,51154,J,A,A,7,
19/06/2025,51155,9,Q,9,7,
19/06/2025,51156,K,7,8,K,
19/06/2025,51157,K,K,10,7,
19/06/2025,51158,A,7,J,9,
19/06/2025,51159,8,8,J,A,
20/06/2025,51160,A,7,A,J,
20/06/2025,51161,7,8,8,10,
20/06/2025,51162,Q,7,10,10,
21/06/2025,51163,K,A,8,7,
21/06/2025,51164,K,7,K,9,
25/06/2025,51165,9,8,7,A,
25/06/2025,51166,K,A,K,9,
25/06/2025,51167,K,9,8,10,
25/06/2025,51168,K,7,A,8,
25/06/2025,51169,8,9,Q,K,
25/06/2025,51170,7,9,K,9,
25/06/2025,51171,7,7,K,Q,
26/06/2025,51172,8,K,8,J,
26/06/2025,51173,10,10,J,K,
26/06/2025,51174,7,9,8,10,
26/06/2025,51175,J,8,7,K,
26/06/2025,51176,K,9,10,8,
26/06/2025,51177,9,8,J,9,
26/06/2025,51178,Q,A,K,9,
27/06/2025,51179,7,7,A,A,
27/06/2025,51180,7,9,K,J,
27/06/2025,51181,10,J,10,9,
28/06/2025,51182,10,10,7,10,
28/06/2025,51183,7,K,Q,8,
29/06/2025,51184,J,7,K,10,
29/06/2025,51185,A,7,Q,8,
29/06/2025,51186,Q,K,7,9,
29/06/2025,51187,J,J,Q,9,
29/06/2025,51188,9,K,A,K,
29/06/2025,51189,Q,10,10,J,
29/06/2025,51190,Q,K,8,9,
30/06/2025,51191,9,8,9,7,
30/06/2025,51192,A,8,7,A,
30/06/2025,51193,8,10,7,K,
30/06/2025,51194,Q,8,9,10,
30/06/2025,51195,8,9,9,7,
30/06/2025,51196,7,7,10,9,
30/06/2025,51197,Q,Q,7,8,
01/07/2025,51198,7,Q,8,8,
01/07/2025,51199,10,K,8,Q,
01/07/2025,51200,9,A,Q,9,
01/07/2025,51201,K,7,Q,9,
01/07/2025,51202,A,A,8,8,
01/07/2025,51203,9,A,A,Q,
01/07/2025,51204,7,7,9,8,
02/07/2025,51205,9,A,10,9,
02/07/2025,51206,9,8,8,8,
02/07/2025,51207,J,J,J,10,
02/07/2025,51208,K,A,J,7,
02/07/2025,51209,K,7,A,A,
02/07/2025,51210,7,K,7,J,
02/07/2025,51211,10,10,10,10,
03/07/2025,51212,8,Q,7,8,
03/07/2025,51213,J,10,A,9,
03/07/2025,51214,A,Q,Q,10,
03/07/2025,51215,K,8,J,A,
03/07/2025,51216,10,9,Q,7,
03/07/2025,51217,Q,J,10,9,
03/07/2025,51218,9,8,7,10,
04/07/2025,51219,K,10,9,K,
04/07/2025,51220,9,K,K,9,
04/07/2025,51221,9,9,7,9,
05/07/2025,51222,10,7,10,A,
05/07/2025,51223,10,8,K,9,
06/07/2025,51224,K,K,J,J,
06/07/2025,51225,K,A,J,7,
06/07/2025,51226,9,7,8,10,
06/07/2025,51227,K,J,A,9,
06/07/2025,51228,J,J,10,8,
06/07/2025,51229,9,K,J,8,
06/07/2025,51230,8,8,9,J,
07/07/2025,51231,K,8,7,7,
07/07/2025,51232,A,J,J,K,
07/07/2025,51233,Q,J,Q,K,
07/07/2025,51234,K,Q,A,9,
07/07/2025,51235,10,K,K,10,
07/07/2025,51236,7,J,8,J,
07/07/2025,51237,J,K,7,8,
08/07/2025,51238,Q,10,J,7,
08/07/2025,51239,J,7,10,9,
08/07/2025,51240,A,J,Q,9,
08/07/2025,51241,8,K,K,10,
08/07/2025,51242,A,A,K,9,
08/07/2025,51243,9,8,Q,J,
08/07/2025,51244,K,Q,K,8,
09/07/2025,51245,Q,8,A,K,
09/07/2025,51246,9,A,7,9,
09/07/2025,51247,Q,J,K,A,
09/07/2025,51248,K,9,Q,9,
09/07/2025,51249,K,10,J,J,
09/07/2025,51250,A,Q,7,K,
09/07/2025,51251,Q,A,A,10,
10/07/2025,51252,7,10,8,10,
10/07/2025,51253,A,7,10,Q,
10/07/2025,51254,9,K,K,K,
10/07/2025,51255,A,K,K,J,
10/07/2025,51256,J,Q,A,A,
10/07/2025,51257,8,Q,A,8,
10/07/2025,51258,7,A,A,10,
11/07/2025,51259,7,Q,10,J,
11/07/2025,51260,7,8,9,J,
11/07/2025,51261,8,9,8,8,
12/07/2025,51262,10,7,J,7,
12/07/2025,51263,Q,J,8,J,
13/07/2025,51264,10,J,9,A,
13/07/2025,51265,9,7,8,J,
13/07/2025,51266,K,A,8,Q,
13/07/2025,51267,10,J,A,9,
13/07/2025,51268,9,8,10,J,
13/07/2025,51269,8,A,Q,J,
13/07/2025,51270,A,7,J,K,
14/07/2025,51271,9,9,7,A,
14/07/2025,51272,K,7,J,7,
14/07/2025,51273,Q,A,9,9,
14/07/2025,51274,K,7,8,J,
14/07/2025,51275,Q,J,9,7,
14/07/2025,51276,A,A,Q,K,
14/07/2025,51277,J,Q,10,A,
15/07/2025,51278,J,9,J,7,
15/07/2025,51279,9,9,Q,10,
15/07/2025,51280,8,9,10,A,
15/07/2025,51281,K,10,A,Q,
15/07/2025,51282,K,8,9,10,
15/07/2025,51283,9,J,Q,K,
15/07/2025,51284,K,A,A,10,
16/07/2025,51285,10,Q,10,K,
16/07/2025,51286,10,J,J,8,
16/07/2025,51287,Q,9,8,K,
16/07/2025,51288,8,8,8,9,
16/07/2025,51289,8,9,Q,A,
16/07/2025,51290,10,10,10,8,
16/07/2025,51291,J,8,K,J,
17/07/2025,51292,K,8,7,9,
17/07/2025,51293,K,K,8,10,
17/07/2025,51294,8,Q,Q,10,
17/07/2025,51295,9,J,8,7,
17/07/2025,51296,8,8,8,9,
17/07/2025,51297,7,8,A,9,
17/07/2025,51298,7,A,J,8,
18/07/2025,51299,9,9,A,Q,
18/07/2025,51300,J,9,8,7,
18/07/2025,51301,9,K,8,Q,
19/07/2025,51302,A,K,Q,7,
19/07/2025,51303,K,J,K,7,
20/07/2025,51304,7,9,K,9,
20/07/2025,51305,7,10,K,10,
20/07/2025,51306,A,9,J,10,
20/07/2025,51307,7,10,A,J,
20/07/2025,51308,7,8,A,10,
20/07/2025,51309,10,J,A,8,
20/07/2025,51310,8,J,K,10,
21/07/2025,51311,K,A,7,10,
21/07/2025,51312,K,J,7,A,
21/07/2025,51313,8,Q,A,8,
21/07/2025,51314,7,10,K,A,
21/07/2025,51315,J,A,10,7,
21/07/2025,51316,K,J,7,10,
21/07/2025,51317,J,9,7,A,
22/07/2025,51318,8,8,Q,8,
22/07/2025,51319,K,K,9,A,
22/07/2025,51320,7,8,Q,10,
22/07/2025,51321,K,8,K,10,
22/07/2025,51322,10,Q,Q,10,
22/07/2025,51323,9,K,9,9,
22/07/2025,51324,9,K,A,J,
23/07/2025,51325,8,8,J,J,
23/07/2025,51326,A,J,A,A,
23/07/2025,51327,7,Q,K,Q,
23/07/2025,51328,8,A,7,10,
23/07/2025,51329,Q,10,10,7,
23/07/2025,51330,9,8,Q,9,
23/07/2025,51331,Q,A,8,Q,
24/07/2025,51332,K,7,J,7,
24/07/2025,51333,Q,10,Q,8,
24/07/2025,51334,9,K,A,J,
24/07/2025,51335,7,A,7,J,
24/07/2025,51336,A,J,J,7,
24/07/2025,51337,8,Q,10,8,
24/07/2025,51338,9,J,K,8,
25/07/2025,51339,8,A,10,Q,
25/07/2025,51340,A,9,J,9,
25/07/2025,51341,Q,8,A,7,
26/07/2025,51342,Q,J,7,9,
26/07/2025,51343,K,8,A,10,
27/07/2025,51344,K,Q,Q,A,
27/07/2025,51345,K,A,7,K,
27/07/2025,51346,K,10,A,Q,
27/07/2025,51347,8,9,9,8,
27/07/2025,51348,8,7,7,A,
27/07/2025,51349,10,8,7,A,
27/07/2025,51350,7,J,J,A,
28/07/2025,51351,8,8,8,K,
28/07/2025,51352,K,Q,K,7,
28/07/2025,51353,K,J,9,10,
28/07/2025,51354,7,Q,A,7,
28/07/2025,51355,10,K,7,Q,
28/07/2025,51356,K,J,J,A,
28/07/2025,51357,J,K,10,Q,
29/07/2025,51358,7,8,J,10,
29/07/2025,51359,7,Q,Q,8,
29/07/2025,51360,K,9,8,9,
29/07/2025,51361,K,9,8,Q,
29/07/2025,51362,8,A,Q,K,
29/07/2025,51363,K,A,10,8,
29/07/2025,51364,K,10,8,10,
30/07/2025,51365,8,K,Q,10,
30/07/2025,51366,9,A,9,9,
30/07/2025,51367,9,J,7,10,
30/07/2025,51368,J,9,K,Q,
30/07/2025,51369,K,K,J,7,
30/07/2025,51370,8,8,A,7,
30/07/2025,51371,8,9,J,A,
31/07/2025,51372,7,10,A,9,
31/07/2025,51373,Q,A,8,9,
31/07/2025,51374,Q,10,Q,10,
31/07/2025,51375,A,9,J,A,
31/07/2025,51376,7,10,J,K,
31/07/2025,51377,9,7,A,10,
31/07/2025,51378,8,Q,9,A,
01/08/2025,51379,7,10,K,J,
01/08/2025,51380,7,J,J,A,
01/08/2025,51381,Q,K,J,A,
03/08/2025,51382,K,J,8,7,
03/08/2025,51383,7,9,A,K,
03/08/2025,51384,A,8,Q,9,
03/08/2025,51385,Q,8,A,7,
03/08/2025,51386,K,A,7,A,
03/08/2025,51387,7,9,9,9,
03/08/2025,51388,10,8,K,7,
04/08/2025,51389,10,10,J,J,
04/08/2025,51390,10,J,9,9,
04/08/2025,51391,A,J,7,10,
04/08/2025,51392,J,Q,Q,10,
04/08/2025,51393,J,A,Q,10,
04/08/2025,51394,9,9,Q,A,
04/08/2025,51395,10,10,8,8,
05/08/2025,51396,Q,J,7,8,
05/08/2025,51397,10,J,J,7,
05/08/2025,51398,9,Q,K,J,
05/08/2025,51399,9,8,A,10,
05/08/2025,51400,7,A,10,10,
05/08/2025,51401,9,10,Q,8,
05/08/2025,51402,10,J,7,Q,
06/08/2025,51403,10,Q,K,J,
06/08/2025,51404,J,8,J,7,
06/08/2025,51405,9,8,J,9,
06/08/2025,51406,7,10,Q,J,
06/08/2025,51407,7,8,K,J,
06/08/2025,51408,7,10,10,J,
06/08/2025,51409,J,J,K,K,
07/08/2025,51410,10,9,8,A,
07/08/2025,51411,9,Q,K,K,
07/08/2025,51412,10,8,Q,Q,
07/08/2025,51413,J,10,8,J,
07/08/2025,51414,Q,10,Q,J,
07/08/2025,51415,9,Q,A,10,
07/08/2025,51416,Q,10,10,10,
08/08/2025,51417,K,9,8,J,
08/08/2025,51418,10,10,A,10,
08/08/2025,51419,7,A,J,A,
09/08/2025,51420,10,9,K,9,
09/08/2025,51421,9,10,10,7,
10/08/2025,51422,10,9,9,Q,
10/08/2025,51423,7,9,Q,Q,
10/08/2025,51424,10,J,10,J,
10/08/2025,51425,8,Q,J,K,
10/08/2025,51426,Q,J,8,9,
10/08/2025,51427,8,Q,K,7,
10/08/2025,51428,Q,9,K,J,
11/08/2025,51429,8,J,J,7,
11/08/2025,51430,Q,10,7,A,
11/08/2025,51431,K,Q,8,8,
11/08/2025,51432,8,8,9,Q,
11/08/2025,51433,A,Q,10,10,
11/08/2025,51434,J,K,8,A,
11/08/2025,51435,J,9,7,9,
12/08/2025,51436,Q,9,A,A,
12/08/2025,51437,7,K,A,8,
12/08/2025,51438,A,9,7,9,
12/08/2025,51439,8,7,10,9,
12/08/2025,51440,7,9,A,Q,
12/08/2025,51441,9,J,9,J,
12/08/2025,51442,A,7,10,9,
13/08/2025,51443,8,10,7,Q,
13/08/2025,51444,7,J,9,8,
13/08/2025,51445,A,9,A,A,
13/08/2025,51446,10,10,Q,7,
13/08/2025,51447,10,9,9,7,
13/08/2025,51448,9,9,K,A,
13/08/2025,51449,10,8,K,7,
14/08/2025,51450,7,A,Q,9,
14/08/2025,51451,7,K,10,9,
14/08/2025,51452,Q,7,K,A,
14/08/2025,51453,9,Q,10,7,
14/08/2025,51454,A,10,K,9,
14/08/2025,51455,7,Q,A,J,
14/08/2025,51456,10,K,8,10,
15/08/2025,51457,7,J,Q,A,
15/08/2025,51458,A,9,J,K,
15/08/2025,51459,9,9,A,9,
16/08/2025,51460,K,8,K,J,
16/08/2025,51461,7,9,8,J,
17/08/2025,51462,Q,J,A,A,
17/08/2025,51463,7,J,8,9,
17/08/2025,51464,8,10,K,J,
17/08/2025,51465,10,A,K,10,
17/08/2025,51466,Q,K,J,10,
17/08/2025,51467,A,J,K,10,
17/08/2025,51468,J,9,8,A,
18/08/2025,51469,10,K,9,9,
18/08/2025,51470,K,J,10,7,
18/08/2025,51471,J,10,8,J,
18/08/2025,51472,A,K,9,K,
18/08/2025,51473,A,J,10,8,
18/08/2025,51474,8,10,8,8,
18/08/2025,51475,J,7,9,A,
19/08/2025,51476,A,Q,10,K,
19/08/2025,51477,A,9,7,9,
19/08/2025,51478,Q,10,8,7,
19/08/2025,51479,7,A,9,K,
19/08/2025,51480,9,9,8,J,
19/08/2025,51481,J,J,J,K,
19/08/2025,51482,J,Q,K,J,
20/08/2025,51483,9,8,9,Q,
20/08/2025,51484,9,K,10,7,
20/08/2025,51485,A,K,K,K,
20/08/2025,51486,7,9,9,J,
20/08/2025,51487,10,8,7,Q,
20/08/2025,51488,8,J,K,K,
20/08/2025,51489,9,Q,9,10,
21/08/2025,51490,9,10,A,8,
21/08/2025,51491,K,A,8,J,
21/08/2025,51492,A,Q,Q,Q,
21/08/2025,51493,J,Q,10,10,
21/08/2025,51494,K,Q,K,A,
21/08/2025,51495,7,9,K,9,
21/08/2025,51496,K,A,8,9,
22/08/2025,51497,7,J,8,A,
22/08/2025,51498,9,J,K,10,
22/08/2025,51499,K,A,10,7,
23/08/2025,51500,Q,10,9,K,
23/08/2025,51501,Q,9,Q,10,
24/08/2025,51502,J,J,9,9,
24/08/2025,51503,J,7,K,10,
24/08/2025,51504,Q,7,A,J,
24/08/2025,51505,7,10,9,J,
24/08/2025,51506,Q,Q,9,A,
24/08/2025,51507,J,Q,Q,7,
24/08/2025,51508,A,7,8,Q,
25/08/2025,51509,7,Q,J,A,
25/08/2025,51510,7,10,7,9,
25/08/2025,51511,10,Q,7,J,
25/08/2025,51512,J,J,J,J,
25/08/2025,51513,J,A,7,9,
25/08/2025,51514,9,8,Q,10,
25/08/2025,51515,A,7,Q,Q,
26/08/2025,51516,J,9,7,A,
26/08/2025,51517,A,Q,9,A,
26/08/2025,51518,8,7,J,8,
26/08/2025,51519,8,9,A,7,
26/08/2025,51520,7,10,A,8,
26/08/2025,51521,8,7,Q,10,
26/08/2025,51522,K,J,Q,9,
27/08/2025,51523,8,K,7,A,
27/08/2025,51524,J,7,Q,Q,
27/08/2025,51525,10,7,10,Q,
27/08/2025,51526,J,J,8,8,
27/08/2025,51527,7,8,A,9,
27/08/2025,51528,7,7,8,Q,
27/08/2025,51529,8,J,A,8,
28/08/2025,51530,J,A,J,9,
28/08/2025,51531,J,9,A,K,
28/08/2025,51532,J,9,J,J,
28/08/2025,51533,K,K,J,J,
28/08/2025,51534,7,10,10,A,
28/08/2025,51535,Q,Q,9,9,
28/08/2025,51536,K,8,10,J,
29/08/2025,51537,K,10,J,J,
29/08/2025,51538,A,9,K,K,
29/08/2025,51539,Q,K,Q,10,
30/08/2025,51540,Q,K,K,K,
30/08/2025,51541,10,8,9,J,
31/08/2025,51542,J,10,7,J,
31/08/2025,51543,Q,A,7,10,
31/08/2025,51544,A,8,10,7,
31/08/2025,51545,K,7,A,9,
31/08/2025,51546,J,10,A,7,
31/08/2025,51547,7,A,K,10,
31/08/2025,51548,A,7,J,7,
01/09/2025,51549,Q,9,9,8,
01/09/2025,51550,J,10,A,J,
01/09/2025,51551,8,9,10,K,
01/09/2025,51552,7,7,J,7,
01/09/2025,51553,A,Q,K,K,
01/09/2025,51554,9,8,Q,J,
01/09/2025,51555,J,7,10,K,
02/09/2025,51556,K,Q,K,7,
02/09/2025,51557,A,7,8,9,
02/09/2025,51558,J,J,7,Q,
02/09/2025,51559,Q,8,A,K,
02/09/2025,51560,8,Q,10,Q,
02/09/2025,51561,K,J,J,A,
02/09/2025,51562,10,10,A,7,
03/09/2025,51563,A,A,9,K,
03/09/2025,51564,Q,J,Q,A,
03/09/2025,51565,J,A,K,A,
03/09/2025,51566,K,7,8,8,
03/09/2025,51567,9,8,10,J,
03/09/2025,51568,7,A,Q,Q,
03/09/2025,51569,Q,7,Q,8,
04/09/2025,51570,10,9,J,J,
04/09/2025,51571,9,K,Q,K,
04/09/2025,51572,7,J,9,8,
04/09/2025,51573,9,10,J,A,
04/09/2025,51574,J,7,8,10,
04/09/2025,51575,7,8,9,Q,
04/09/2025,51576,10,A,10,J,
05/09/2025,51577,J,J,9,Q,
05/09/2025,51578,A,Q,K,9,
05/09/2025,51579,10,Q,J,A,
06/09/2025,51580,7,K,10,7,
06/09/2025,51581,7,8,8,10,
07/09/2025,51582,K,A,K,A,
07/09/2025,51583,J,J,8,10,
07/09/2025,51584,A,J,A,A,
07/09/2025,51585,J,K,10,7,
07/09/2025,51586,8,J,K,J,
07/09/2025,51587,J,9,10,10,
07/09/2025,51588,9,8,A,7,
08/09/2025,51589,Q,J,10,10,
08/09/2025,51590,K,10,K,7,
08/09/2025,51591,9,A,Q,9,
08/09/2025,51592,8,9,J,8,
08/09/2025,51593,7,J,Q,7,
08/09/2025,51594,K,7,A,K,
08/09/2025,51595,8,A,Q,J,
09/09/2025,51596,9,K,7,10,
09/09/2025,51597,7,A,K,8,
09/09/2025,51598,J,8,9,9,
09/09/2025,51599,7,8,J,J,
09/09/2025,51600,7,9,7,Q,
09/09/2025,51601,K,9,A,9,
09/09/2025,51602,7,10,Q,9,
10/09/2025,51603,8,9,J,K,
10/09/2025,51604,10,A,7,K,
10/09/2025,51605,10,8,10,K,
10/09/2025,51606,10,J,A,A,
10/09/2025,51607,A,K,Q,9,
10/09/2025,51608,8,9,Q,Q,
10/09/2025,51609,Q,9,A,8,
11/09/2025,51610,J,K,K,9,
11/09/2025,51611,K,7,J,9,
11/09/2025,51612,A,9,7,9,
11/09/2025,51613,Q,7,10,J,
11/09/2025,51614,9,J,7,K,
11/09/2025,51615,10,9,J,9,
11/09/2025,51616,Q,A,9,7,
12/09/2025,51617,7,K,K,8,
12/09/2025,51618,K,10,K,7,
12/09/2025,51619,K,10,Q,A,
13/09/2025,51620,A,K,K,Q,
13/09/2025,51621,7,9,K,A,
14/09/2025,51622,10,8,10,7,
14/09/2025,51623,9,Q,K,8,
14/09/2025,51624,J,A,A,A,
14/09/2025,51625,9,7,8,Q,
14/09/2025,51626,8,J,10,9,
14/09/2025,51627,7,Q,A,10,
14/09/2025,51628,10,10,Q,J,
15/09/2025,51629,9,A,J,8,
15/09/2025,51630,K,9,A,J,
15/09/2025,51631,K,7,7,A,
15/09/2025,51632,Q,A,9,A,
15/09/2025,51633,A,Q,A,Q,
15/09/2025,51634,A,9,8,10,
15/09/2025,51635,8,10,8,Q,
16/09/2025,51636,9,9,7,J,
16/09/2025,51637,K,Q,9,A,
16/09/2025,51638,10,Q,9,7,
16/09/2025,51639,Q,K,10,9,
16/09/2025,51640,K,9,K,Q,
16/09/2025,51641,Q,7,7,9,
16/09/2025,51642,8,9,K,7,
17/09/2025,51643,7,Q,8,7,
17/09/2025,51644,K,10,9,10,
17/09/2025,51645,9,7,A,8,
17/09/2025,51646,Q,K,Q,7,
17/09/2025,51647,7,J,10,8,
17/09/2025,51648,7,8,8,A,
17/09/2025,51649,9,7,7,K,
18/09/2025,51650,K,Q,9,A,
18/09/2025,51651,8,10,8,Q,
18/09/2025,51652,8,J,9,8,
18/09/2025,51653,K,10,7,A,
18/09/2025,51654,8,8,A,J,
18/09/2025,51655,9,A,8,K,
18/09/2025,51656,J,7,8,A,
19/09/2025,51657,A,9,9,Q,
19/09/2025,51658,7,10,Q,7,
19/09/2025,51659,A,7,10,A,
20/09/2025,51660,A,10,J,J,
20/09/2025,51661,J,Q,K,Q,
21/09/2025,51662,9,9,Q,Q,
21/09/2025,51663,8,A,A,7,
21/09/2025,51664,Q,8,10,7,
21/09/2025,51665,9,9,J,8,
21/09/2025,51666,Q,7,Q,J,
