תאריך,הגרלה,תלתן,יהלום,לב,עלה
04/08/2025,51391,A,J,7,10,
04/08/2025,51392,J,Q,Q,10,
04/08/2025,51393,J,A,Q,10,
04/08/2025,51394,9,9,Q,A,
04/08/2025,51395,10,10,8,8,
05/08/2025,51396,Q,J,7,8,
05/08/2025,51397,10,J,J,7,
05/08/2025,51398,9,Q,K,J,
05/08/2025,51399,9,8,A,10,
05/08/2025,51400,7,A,10,10,
05/08/2025,51401,9,10,Q,8,
05/08/2025,51402,10,J,7,Q,
06/08/2025,51403,10,Q,K,J,
06/08/2025,51404,J,8,J,7,
06/08/2025,51405,9,8,J,9,
06/08/2025,51406,7,10,Q,J,
06/08/2025,51407,7,8,K,J,
06/08/2025,51408,7,10,10,J,
06/08/2025,51409,J,J,K,K,
07/08/2025,51410,10,9,8,A,
07/08/2025,51411,9,Q,K,K,
07/08/2025,51412,10,8,Q,Q,
07/08/2025,51413,J,10,8,J,
07/08/2025,51414,Q,10,Q,J,
07/08/2025,51415,9,Q,A,10,
07/08/2025,51416,Q,10,10,10,
08/08/2025,51417,K,9,8,J,
08/08/2025,51418,10,10,A,10,
08/08/2025,51419,7,A,J,A,
09/08/2025,51420,10,9,K,9,
09/08/2025,51421,9,10,10,7,
10/08/2025,51422,10,9,9,Q,
10/08/2025,51423,7,9,Q,Q,
10/08/2025,51424,10,J,10,J,
10/08/2025,51425,8,Q,J,K,
10/08/2025,51426,Q,J,8,9,
10/08/2025,51427,8,Q,K,7,
10/08/2025,51428,Q,9,K,J,
11/08/2025,51429,8,J,J,7,
11/08/2025,51430,Q,10,7,A,
11/08/2025,51431,K,Q,8,8,
11/08/2025,51432,8,8,9,Q,
11/08/2025,51433,A,Q,10,10,
11/08/2025,51434,J,K,8,A,
11/08/2025,51435,J,9,7,9,
12/08/2025,51436,Q,9,A,A,
12/08/2025,51437,7,K,A,8,
12/08/2025,51438,A,9,7,9,
12/08/2025,51439,8,7,10,9,
12/08/2025,51440,7,9,A,Q,
12/08/2025,51441,9,J,9,J,
12/08/2025,51442,A,7,10,9,
13/08/2025,51443,8,10,7,Q,
13/08/2025,51444,7,J,9,8,
13/08/2025,51445,A,9,A,A,
13/08/2025,51446,10,10,Q,7,
13/08/2025,51447,10,9,9,7,
13/08/2025,51448,9,9,K,A,
13/08/2025,51449,10,8,K,7,
14/08/2025,51450,7,A,Q,9,
14/08/2025,51451,7,K,10,9,
14/08/2025,51452,Q,7,K,A,
14/08/2025,51453,9,Q,10,7,
14/08/2025,51454,A,10,K,9,
14/08/2025,51455,7,Q,A,J,
14/08/2025,51456,10,K,8,10,
15/08/2025,51457,7,J,Q,A,
15/08/2025,51458,A,9,J,K,
15/08/2025,51459,9,9,A,9,
16/08/2025,51460,K,8,K,J,
16/08/2025,51461,7,9,8,J,
17/08/2025,51462,Q,J,A,A,
17/08/2025,51463,7,J,8,9,
17/08/2025,51464,8,10,K,J,
17/08/2025,51465,10,A,K,10,
17/08/2025,51466,Q,K,J,10,
17/08/2025,51467,A,J,K,10,
17/08/2025,51468,J,9,8,A,
18/08/2025,51469,10,K,9,9,
18/08/2025,51470,K,J,10,7,
18/08/2025,51471,J,10,8,J,
18/08/2025,51472,A,K,9,K,
18/08/2025,51473,A,J,10,8,
18/08/2025,51474,8,10,8,8,
18/08/2025,51475,J,7,9,A,
19/08/2025,51476,A,Q,10,K,
19/08/2025,51477,A,9,7,9,
19/08/2025,51478,Q,10,8,7,
19/08/2025,51479,7,A,9,K,
19/08/2025,51480,9,9,8,J,
19/08/2025,51481,J,J,J,K,
19/08/2025,51482,J,Q,K,J,
20/08/2025,51483,9,8,9,Q,
20/08/2025,51484,9,K,10,7,
20/08/2025,51485,A,K,K,K,
20/08/2025,51486,7,9,9,J,
20/08/2025,51487,10,8,7,Q,
20/08/2025,51488,8,J,K,K,
20/08/2025,51489,9,Q,9,10,
21/08/2025,51490,9,10,A,8,
21/08/2025,51491,K,A,8,J,
21/08/2025,51492,A,Q,Q,Q,
21/08/2025,51493,J,Q,10,10,
21/08/2025,51494,K,Q,K,A,
21/08/2025,51495,7,9,K,9,
21/08/2025,51496,K,A,8,9,
22/08/2025,51497,7,J,8,A,
22/08/2025,51498,9,J,K,10,
22/08/2025,51499,K,A,10,7,
23/08/2025,51500,Q,10,9,K,
23/08/2025,51501,Q,9,Q,10,
24/08/2025,51502,J,J,9,9,
24/08/2025,51503,J,7,K,10,
24/08/2025,51504,Q,7,A,J,
24/08/2025,51505,7,10,9,J,
24/08/2025,51506,Q,Q,9,A,
24/08/2025,51507,J,Q,Q,7,
24/08/2025,51508,A,7,8,Q,
25/08/2025,51509,7,Q,J,A,
25/08/2025,51510,7,10,7,9,
25/08/2025,51511,10,Q,7,J,
25/08/2025,51512,J,J,J,J,
25/08/2025,51513,J,A,7,9,
25/08/2025,51514,9,8,Q,10,
25/08/2025,51515,A,7,Q,Q,
26/08/2025,51516,J,9,7,A,
26/08/2025,51517,A,Q,9,A,
26/08/2025,51518,8,7,J,8,
26/08/2025,51519,8,9,A,7,
26/08/2025,51520,7,10,A,8,
26/08/2025,51521,8,7,Q,10,
26/08/2025,51522,K,J,Q,9,
27/08/2025,51523,8,K,7,A,
27/08/2025,51524,J,7,Q,Q,
27/08/2025,51525,10,7,10,Q,
27/08/2025,51526,J,J,8,8,
27/08/2025,51527,7,8,A,9,
27/08/2025,51528,7,7,8,Q,
27/08/2025,51529,8,J,A,8,
28/08/2025,51530,J,A,J,9,
28/08/2025,51531,J,9,A,K,
28/08/2025,51532,J,9,J,J,
28/08/2025,51533,K,K,J,J,
28/08/2025,51534,7,10,10,A,
28/08/2025,51535,Q,Q,9,9,
28/08/2025,51536,K,8,10,J,
29/08/2025,51537,K,10,J,J,
29/08/2025,51538,A,9,K,K,
29/08/2025,51539,Q,K,Q,10,
30/08/2025,51540,Q,K,K,K,
30/08/2025,51541,10,8,9,J,
31/08/2025,51542,J,10,7,J,
31/08/2025,51543,Q,A,7,10,
31/08/2025,51544,A,8,10,7,
31/08/2025,51545,K,7,A,9,
31/08/2025,51546,J,10,A,7,
31/08/2025,51547,7,A,K,10,
31/08/2025,51548,A,7,J,7,
01/09/2025,51549,Q,9,9,8,
01/09/2025,51550,J,10,A,J,
01/09/2025,51551,8,9,10,K,
01/09/2025,51552,7,7,J,7,
01/09/2025,51553,A,Q,K,K,
01/09/2025,51554,9,8,Q,J,
01/09/2025,51555,J,7,10,K,
02/09/2025,51556,K,Q,K,7,
02/09/2025,51557,A,7,8,9,
02/09/2025,51558,J,J,7,Q,
02/09/2025,51559,Q,8,A,K,
02/09/2025,51560,8,Q,10,Q,
02/09/2025,51561,K,J,J,A,
02/09/2025,51562,10,10,A,7,
03/09/2025,51563,A,A,9,K,
03/09/2025,51564,Q,J,Q,A,
03/09/2025,51565,J,A,K,A,
03/09/2025,51566,K,7,8,8,
03/09/2025,51567,9,8,10,J,
03/09/2025,51568,7,A,Q,Q,
03/09/2025,51569,Q,7,Q,8,
04/09/2025,51570,10,9,J,J,
04/09/2025,51571,9,K,Q,K,
04/09/2025,51572,7,J,9,8,
04/09/2025,51573,9,10,J,A,
04/09/2025,51574,J,7,8,10,
04/09/2025,51575,7,8,9,Q,
04/09/2025,51576,10,A,10,J,
05/09/2025,51577,J,J,9,Q,
05/09/2025,51578,A,Q,K,9,
05/09/2025,51579,10,Q,J,A,
06/09/2025,51580,7,K,10,7,
06/09/2025,51581,7,8,8,10,
07/09/2025,51582,K,A,K,A,
07/09/2025,51583,J,J,8,10,
07/09/2025,51584,A,J,A,A,
07/09/2025,51585,J,K,10,7,
07/09/2025,51586,8,J,K,J,
07/09/2025,51587,J,9,10,10,
07/09/2025,51588,9,8,A,7,
08/09/2025,51589,Q,J,10,10,
08/09/2025,51590,K,10,K,7,
08/09/2025,51591,9,A,Q,9,
08/09/2025,51592,8,9,J,8,
08/09/2025,51593,7,J,Q,7,
08/09/2025,51594,K,7,A,K,
08/09/2025,51595,8,A,Q,J,
09/09/2025,51596,9,K,7,10,
09/09/2025,51597,7,A,K,8,
09/09/2025,51598,J,8,9,9,
09/09/2025,51599,7,8,J,J,
09/09/2025,51600,7,9,7,Q,
09/09/2025,51601,K,9,A,9,
09/09/2025,51602,7,10,Q,9,
10/09/2025,51603,8,9,J,K,
10/09/2025,51604,10,A,7,K,
10/09/2025,51605,10,8,10,K,
10/09/2025,51606,10,J,A,A,
10/09/2025,51607,A,K,Q,9,
10/09/2025,51608,8,9,Q,Q,
10/09/2025,51609,Q,9,A,8,
11/09/2025,51610,J,K,K,9,
11/09/2025,51611,K,7,J,9,
11/09/2025,51612,A,9,7,9,
11/09/2025,51613,Q,7,10,J,
11/09/2025,51614,9,J,7,K,
11/09/2025,51615,10,9,J,9,
11/09/2025,51616,Q,A,9,7,
12/09/2025,51617,7,K,K,8,
12/09/2025,51618,K,10,K,7,
12/09/2025,51619,K,10,Q,A,
13/09/2025,51620,A,K,K,Q,
13/09/2025,51621,7,9,K,A,
14/09/2025,51622,10,8,10,7,
14/09/2025,51623,9,Q,K,8,
14/09/2025,51624,J,A,A,A,
14/09/2025,51625,9,7,8,Q,
14/09/2025,51626,8,J,10,9,
14/09/2025,51627,7,Q,A,10,
14/09/2025,51628,10,10,Q,J,
15/09/2025,51629,9,A,J,8,
15/09/2025,51630,K,9,A,J,
15/09/2025,51631,K,7,7,A,
15/09/2025,51632,Q,A,9,A,
15/09/2025,51633,A,Q,A,Q,
15/09/2025,51634,A,9,8,10,
15/09/2025,51635,8,10,8,Q,
16/09/2025,51636,9,9,7,J,
16/09/2025,51637,K,Q,9,A,
16/09/2025,51638,10,Q,9,7,
16/09/2025,51639,Q,K,10,9,
16/09/2025,51640,K,9,K,Q,
16/09/2025,51641,Q,7,7,9,
16/09/2025,51642,8,9,K,7,
17/09/2025,51643,7,Q,8,7,
17/09/2025,51644,K,10,9,10,
17/09/2025,51645,9,7,A,8,
17/09/2025,51646,Q,K,Q,7,
17/09/2025,51647,7,J,10,8,
17/09/2025,51648,7,8,8,A,
17/09/2025,51649,9,7,7,K,
18/09/2025,51650,K,Q,9,A,
18/09/2025,51651,8,10,8,Q,
18/09/2025,51652,8,J,9,8,
18/09/2025,51653,K,10,7,A,
18/09/2025,51654,8,8,A,J,
18/09/2025,51655,9,A,8,K,
18/09/2025,51656,J,7,8,A,
19/09/2025,51657,A,9,9,Q,
19/09/2025,51658,7,10,Q,7,
19/09/2025,51659,A,7,10,A,
20/09/2025,51660,A,10,J,J,
20/09/2025,51661,J,Q,K,Q,
21/09/2025,51662,9,9,Q,Q,
21/09/2025,51663,8,A,A,7,
21/09/2025,51664,Q,8,10,7,
21/09/2025,51665,9,9,J,8,
21/09/2025,51666,Q,7,Q,J,
21/09/2025,51667,J,K,J,10,
21/09/2025,51668,Q,A,10,A,
22/09/2025,51669,10,10,J,8,
22/09/2025,51670,J,7,Q,J,
22/09/2025,51671,A,K,7,A,
24/09/2025,51672,J,K,J,K,
25/09/2025,51673,Q,A,Q,J,
25/09/2025,51674,10,K,J,8,
25/09/2025,51675,A,9,9,J,
25/09/2025,51676,K,10,10,A,
25/09/2025,51677,7,A,10,J,
25/09/2025,51678,10,J,8,8,
25/09/2025,51679,Q,A,8,J,
26/09/2025,51680,Q,J,K,J,
26/09/2025,51681,K,8,9,7,
26/09/2025,51682,8,10,Q,K,
27/09/2025,51683,K,8,K,J,
27/09/2025,51684,A,A,9,A,
28/09/2025,51685,7,7,Q,9,
28/09/2025,51686,8,A,10,10,
28/09/2025,51687,8,Q,10,Q,
28/09/2025,51688,Q,10,K,Q,
28/09/2025,51689,K,9,J,8,
28/09/2025,51690,7,10,K,7,
28/09/2025,51691,10,7,10,8,
29/09/2025,51692,A,K,10,J,
29/09/2025,51693,9,J,9,8,
29/09/2025,51694,K,9,J,9,
29/09/2025,51695,Q,J,A,A,
29/09/2025,51696,8,10,K,J,
29/09/2025,51697,10,9,Q,9,
29/09/2025,51698,K,7,10,8,
30/09/2025,51699,9,8,10,K,
30/09/2025,51700,J,9,7,9,
30/09/2025,51701,Q,J,10,8,
30/09/2025,51702,K,7,10,9,
30/09/2025,51703,A,10,J,K,
30/09/2025,51704,K,J,7,K,
30/09/2025,51705,Q,8,7,J,
01/10/2025,51706,7,J,Q,10,
01/10/2025,51707,7,J,9,K,
01/10/2025,51708,Q,Q,J,Q,
02/10/2025,51709,A,8,A,A,
03/10/2025,51710,9,8,Q,10,
03/10/2025,51711,A,A,9,7,
03/10/2025,51712,8,9,J,K,
04/10/2025,51713,K,A,J,10,
04/10/2025,51714,J,K,J,7,
05/10/2025,51715,Q,K,9,A,
05/10/2025,51716,9,9,10,J,
05/10/2025,51717,7,10,K,10,
05/10/2025,51718,J,7,9,A,
05/10/2025,51719,J,J,8,K,
05/10/2025,51720,10,8,A,7,
05/10/2025,51721,A,8,9,A,
06/10/2025,51722,K,9,7,8,
06/10/2025,51723,A,8,9,9,
06/10/2025,51724,Q,10,J,Q,
07/10/2025,51725,K,J,A,J,
08/10/2025,51726,K,9,K,10,
08/10/2025,51727,7,9,Q,K,
08/10/2025,51728,J,Q,A,Q,
08/10/2025,51729,A,7,Q,K,
08/10/2025,51730,9,10,8,10,
08/10/2025,51731,Q,9,9,Q,
08/10/2025,51732,8,7,K,9,
09/10/2025,51733,7,J,10,K,
09/10/2025,51734,Q,Q,K,9,
09/10/2025,51735,J,A,J,7,
09/10/2025,51736,K,7,7,9,
09/10/2025,51737,Q,K,Q,J,
09/10/2025,51738,K,K,A,9,
09/10/2025,51739,7,9,9,J,
10/10/2025,51740,J,A,9,Q,
10/10/2025,51741,7,10,Q,Q,
10/10/2025,51742,A,10,J,7,
11/10/2025,51743,K,A,A,8,
11/10/2025,51744,K,A,8,K,
12/10/2025,51745,7,8,7,10,
12/10/2025,51746,10,A,8,K,
12/10/2025,51747,A,J,7,9,
12/10/2025,51748,9,8,K,8,
12/10/2025,51749,J,9,K,10,
12/10/2025,51750,A,Q,J,J,
12/10/2025,51751,A,J,7,8,
13/10/2025,51752,A,8,J,7,
13/10/2025,51753,10,Q,8,Q,
13/10/2025,51754,Q,8,8,Q,
14/10/2025,51755,7,9,7,K,
15/10/2025,51756,J,8,9,7,
15/10/2025,51757,9,8,7,K,
15/10/2025,51758,K,J,A,J,
15/10/2025,51759,A,A,J,10,
15/10/2025,51760,7,8,K,7,
15/10/2025,51761,7,9,K,A,
15/10/2025,51762,A,8,10,10,
16/10/2025,51763,J,9,9,8,
16/10/2025,51764,Q,K,J,7,
16/10/2025,51765,10,8,A,J,
16/10/2025,51766,9,10,A,A,
16/10/2025,51767,8,10,8,10,
16/10/2025,51768,9,9,Q,J,
16/10/2025,51769,J,10,J,Q,
17/10/2025,51770,J,7,9,10,
17/10/2025,51771,9,Q,J,9,
17/10/2025,51772,8,K,10,7,
18/10/2025,51773,10,10,8,J,
18/10/2025,51774,K,J,Q,7,
19/10/2025,51775,A,8,A,K,
19/10/2025,51776,10,7,Q,10,
19/10/2025,51777,J,J,Q,A,
19/10/2025,51778,8,10,10,K,
19/10/2025,51779,7,A,10,A,
19/10/2025,51780,Q,K,A,7,
19/10/2025,51781,7,10,10,J,
20/10/2025,51782,10,A,9,K,
20/10/2025,51783,A,A,J,J,
20/10/2025,51784,A,J,9,A,
20/10/2025,51785,A,10,Q,8,
20/10/2025,51786,8,10,7,A,
20/10/2025,51787,A,9,J,J,
20/10/2025,51788,A,J,9,10,
21/10/2025,51789,K,7,A,Q,
21/10/2025,51790,K,K,8,7,
21/10/2025,51791,J,10,7,8,
21/10/2025,51792,9,K,10,J,
21/10/2025,51793,A,9,J,10,
21/10/2025,51794,Q,7,9,A,
21/10/2025,51795,A,8,9,J,
22/10/2025,51796,7,10,7,A,
22/10/2025,51797,9,10,8,7,
22/10/2025,51798,10,9,K,7,
22/10/2025,51799,Q,Q,9,9,
22/10/2025,51800,9,9,Q,K,
22/10/2025,51801,A,A,A,Q,
22/10/2025,51802,A,9,Q,9,
23/10/2025,51803,7,K,K,K,
23/10/2025,51804,A,9,A,7,
23/10/2025,51805,9,Q,7,A,
23/10/2025,51806,J,A,7,Q,
23/10/2025,51807,7,8,7,10,
23/10/2025,51808,A,K,A,J,
23/10/2025,51809,7,7,K,Q,
24/10/2025,51810,7,Q,9,8,
24/10/2025,51811,10,A,7,7,
24/10/2025,51812,7,10,8,7,
25/10/2025,51813,Q,8,Q,A,
25/10/2025,51814,J,A,Q,8,
26/10/2025,51815,A,8,J,J,
26/10/2025,51816,10,8,K,8,
26/10/2025,51817,9,Q,K,K,
26/10/2025,51818,A,9,K,9,
26/10/2025,51819,8,10,J,A,
26/10/2025,51820,K,10,K,9,
26/10/2025,51821,J,A,9,A,
27/10/2025,51822,9,A,9,7,
27/10/2025,51823,9,Q,8,J,
27/10/2025,51824,A,10,J,7,
27/10/2025,51825,Q,Q,9,8,
27/10/2025,51826,7,Q,A,7,
27/10/2025,51827,K,K,A,K,
27/10/2025,51828,K,J,7,10,
28/10/2025,51829,J,10,9,J,
28/10/2025,51830,7,8,10,9,
28/10/2025,51831,J,Q,8,Q,
28/10/2025,51832,9,8,Q,10,
28/10/2025,51833,Q,A,7,A,
28/10/2025,51834,8,8,8,8,
28/10/2025,51835,8,Q,8,A,
29/10/2025,51836,Q,K,J,A,
29/10/2025,51837,9,9,7,9,
29/10/2025,51838,K,Q,A,8,
29/10/2025,51839,8,A,A,J,
29/10/2025,51840,10,K,9,10,
29/10/2025,51841,7,10,10,K,
29/10/2025,51842,9,9,K,9,
30/10/2025,51843,10,7,10,10,
30/10/2025,51844,7,A,8,7,
30/10/2025,51845,K,7,Q,7,
30/10/2025,51846,9,8,A,8,
30/10/2025,51847,7,7,9,K,
30/10/2025,51848,K,Q,A,J,
30/10/2025,51849,10,A,A,Q,
31/10/2025,51850,A,9,K,10,
31/10/2025,51851,A,7,A,J,
31/10/2025,51852,J,7,K,8,
01/11/2025,51853,Q,A,8,A,
01/11/2025,51854,7,8,A,7,
02/11/2025,51855,Q,Q,J,10,
02/11/2025,51856,7,K,A,A,
02/11/2025,51857,9,10,8,8,
02/11/2025,51858,Q,J,A,A,
02/11/2025,51859,7,8,A,10,
02/11/2025,51860,8,A,Q,J,
02/11/2025,51861,9,A,8,9,
03/11/2025,51862,J,J,8,Q,
03/11/2025,51863,9,Q,Q,10,
03/11/2025,51864,J,10,8,Q,
03/11/2025,51865,J,8,Q,K,
03/11/2025,51866,Q,10,J,8,
03/11/2025,51867,10,A,8,A,
03/11/2025,51868,J,Q,J,8,
04/11/2025,51869,8,A,7,K,
04/11/2025,51870,J,7,K,10,
04/11/2025,51871,10,Q,10,Q,
04/11/2025,51872,9,J,8,9,
04/11/2025,51873,7,10,9,10,
04/11/2025,51874,A,10,Q,10,
04/11/2025,51875,9,10,Q,J,
05/11/2025,51876,7,8,9,10,
05/11/2025,51877,7,9,8,K,
05/11/2025,51878,10,8,8,K,
05/11/2025,51879,K,10,8,Q,
05/11/2025,51880,7,K,A,10,
05/11/2025,51881,8,Q,9,9,
05/11/2025,51882,A,9,A,A,
06/11/2025,51883,K,J,8,Q,
06/11/2025,51884,7,9,10,J,
06/11/2025,51885,Q,10,J,A,
06/11/2025,51886,8,8,J,7,
06/11/2025,51887,7,7,A,8,
06/11/2025,51888,7,8,K,K,
06/11/2025,51889,J,8,A,8,
07/11/2025,51890,10,J,J,A,
07/11/2025,51891,Q,J,A,8,
07/11/2025,51892,K,10,A,8,
08/11/2025,51893,9,Q,A,J,
08/11/2025,51894,K,K,8,K,
09/11/2025,51895,10,A,10,8,
09/11/2025,51896,A,10,7,K,
09/11/2025,51897,10,7,7,Q,
09/11/2025,51898,A,8,8,J,
09/11/2025,51899,K,9,J,J,
09/11/2025,51900,K,7,10,J,
09/11/2025,51901,K,A,Q,J,
10/11/2025,51902,A,10,9,8,
10/11/2025,51903,7,A,Q,Q,
10/11/2025,51904,8,7,K,K,
10/11/2025,51905,7,7,K,10,
10/11/2025,51906,9,10,J,9,
10/11/2025,51907,Q,10,10,8,
10/11/2025,51908,K,9,J,J,
11/11/2025,51909,K,A,J,J,
11/11/2025,51910,7,8,K,A,
11/11/2025,51911,K,7,7,K,
11/11/2025,51912,J,7,Q,10,
11/11/2025,51913,Q,7,9,10,
11/11/2025,51914,10,10,10,A,
11/11/2025,51915,A,J,Q,K,
12/11/2025,51916,K,A,10,9,
12/11/2025,51917,9,Q,Q,8,
12/11/2025,51918,J,Q,A,10,
12/11/2025,51919,J,A,Q,Q,
12/11/2025,51920,9,7,9,A,
12/11/2025,51921,10,7,A,K,
12/11/2025,51922,10,A,10,A,
13/11/2025,51923,7,8,K,A,
13/11/2025,51924,9,Q,Q,8,
13/11/2025,51925,7,10,8,7,
13/11/2025,51926,Q,10,10,Q,
13/11/2025,51927,7,7,10,K,
13/11/2025,51928,Q,A,9,K,
13/11/2025,51929,A,8,J,9,
14/11/2025,51930,9,7,7,9,
14/11/2025,51931,7,7,J,10,
14/11/2025,51932,K,A,8,10,
15/11/2025,51933,10,10,K,10,
15/11/2025,51934,A,A,K,A,
16/11/2025,51935,J,9,K,A,
16/11/2025,51936,10,7,Q,9,
16/11/2025,51937,9,K,J,J,
16/11/2025,51938,9,9,8,10,
16/11/2025,51939,K,K,7,10,
16/11/2025,51940,K,9,10,K,
16/11/2025,51941,Q,9,K,J,
17/11/2025,51942,K,J,9,A,
17/11/2025,51943,K,A,K,10,
17/11/2025,51944,A,K,A,8,
17/11/2025,51945,7,7,J,J,
17/11/2025,51946,A,7,A,A,
17/11/2025,51947,8,8,J,A,
17/11/2025,51948,K,J,9,10,
18/11/2025,51949,K,Q,8,8,
18/11/2025,51950,10,7,10,9,
18/11/2025,51951,Q,8,9,J,
18/11/2025,51952,8,8,J,9,
18/11/2025,51953,8,10,8,Q,
18/11/2025,51954,10,J,8,A,
18/11/2025,51955,8,Q,10,10,
19/11/2025,51956,7,Q,J,A,
19/11/2025,51957,8,J,7,Q,
19/11/2025,51958,8,7,A,A,
19/11/2025,51959,A,7,Q,8,
19/11/2025,51960,Q,Q,Q,7,
19/11/2025,51961,8,K,10,7,
19/11/2025,51962,J,A,10,9,
20/11/2025,51963,9,8,8,9,
20/11/2025,51964,8,A,8,K,
20/11/2025,51965,A,J,A,8,
20/11/2025,51966,A,K,7,10,
20/11/2025,51967,K,10,Q,K,
20/11/2025,51968,J,9,8,9,
20/11/2025,51969,8,Q,K,7,
21/11/2025,51970,A,9,8,9,
21/11/2025,51971,K,K,A,10,
21/11/2025,51972,8,Q,9,A,
22/11/2025,51973,10,9,J,J,
22/11/2025,51974,K,J,A,9,
23/11/2025,51975,J,7,9,Q,
23/11/2025,51976,K,7,10,K,
23/11/2025,51977,A,9,7,K,
23/11/2025,51978,A,Q,9,J,
23/11/2025,51979,Q,10,10,10,
23/11/2025,51980,10,10,A,J,
23/11/2025,51981,K,A,9,K,
24/11/2025,51982,J,7,J,J,
24/11/2025,51983,7,9,10,7,
24/11/2025,51984,J,K,9,Q,
24/11/2025,51985,A,9,J,10,
24/11/2025,51986,9,Q,9,7,
24/11/2025,51987,7,7,8,Q,
24/11/2025,51988,Q,K,Q,J,
25/11/2025,51989,A,10,K,7,
25/11/2025,51990,10,J,A,9,
25/11/2025,51991,Q,9,8,10,
25/11/2025,51992,9,9,9,J,
25/11/2025,51993,J,9,J,Q,
25/11/2025,51994,9,K,A,A,
25/11/2025,51995,K,10,10,K,
26/11/2025,51996,Q,7,10,Q,
26/11/2025,51997,K,7,9,9,
26/11/2025,51998,7,K,A,9,
26/11/2025,51999,J,Q,8,9,
26/11/2025,52000,J,7,K,Q,
26/11/2025,52001,9,8,9,7,
26/11/2025,52002,9,8,10,J,
27/11/2025,52003,Q,10,A,J,
27/11/2025,52004,10,K,A,9,
27/11/2025,52005,K,10,7,10,
27/11/2025,52006,K,10,7,8,
27/11/2025,52007,9,K,K,J,
27/11/2025,52008,9,8,Q,7,
27/11/2025,52009,8,9,9,Q,
28/11/2025,52010,K,K,10,A,
28/11/2025,52011,Q,K,10,Q,
28/11/2025,52012,10,A,8,Q,
29/11/2025,52013,J,7,8,7,
29/11/2025,52014,K,K,8,A,
30/11/2025,52015,7,A,9,A,
30/11/2025,52016,10,10,J,K,
30/11/2025,52017,J,A,9,9,
30/11/2025,52018,8,A,Q,8,
30/11/2025,52019,9,K,9,9,
30/11/2025,52020,K,9,9,Q,
30/11/2025,52021,7,Q,Q,7,
01/12/2025,52022,K,7,A,J,
01/12/2025,52023,A,7,8,J,
01/12/2025,52024,9,J,7,A,
01/12/2025,52025,A,8,J,9,
01/12/2025,52026,K,K,10,7,
01/12/2025,52027,Q,K,J,7,
01/12/2025,52028,7,8,10,A,
02/12/2025,52029,9,7,8,7,
02/12/2025,52030,J,K,Q,A,
02/12/2025,52031,8,10,J,8,
02/12/2025,52032,J,Q,10,7,
02/12/2025,52033,10,A,10,8,
02/12/2025,52034,Q,7,K,Q,
02/12/2025,52035,Q,10,K,9,
03/12/2025,52036,K,7,A,8,
03/12/2025,52037,7,J,K,7,
03/12/2025,52038,8,8,10,K,
03/12/2025,52039,7,10,Q,A,
03/12/2025,52040,Q,A,8,9,
03/12/2025,52041,7,K,A,9,
03/12/2025,52042,Q,J,7,7,
04/12/2025,52043,J,9,K,Q,
04/12/2025,52044,K,10,9,K,
04/12/2025,52045,J,Q,J,8,
04/12/2025,52046,A,7,J,8,
04/12/2025,52047,7,K,10,10,
04/12/2025,52048,Q,K,9,7,
04/12/2025,52049,J,J,8,10,
05/12/2025,52050,Q,K,J,7,
05/12/2025,52051,9,A,10,K,
05/12/2025,52052,Q,8,8,8,
06/12/2025,52053,Q,8,J,A,
06/12/2025,52054,8,J,A,8,
07/12/2025,52055,K,9,10,K,
07/12/2025,52056,10,Q,A,J,
07/12/2025,52057,Q,J,9,9,
07/12/2025,52058,K,A,10,J,
07/12/2025,52059,Q,7,J,A,
07/12/2025,52060,K,10,J,8,
07/12/2025,52061,8,9,Q,Q,
08/12/2025,52062,8,9,J,J,
08/12/2025,52063,K,10,A,Q,
08/12/2025,52064,8,Q,K,10,
08/12/2025,52065,10,A,K,10,
08/12/2025,52066,A,A,10,8,
08/12/2025,52067,Q,J,K,10,
08/12/2025,52068,9,10,A,Q,
09/12/2025,52069,7,10,9,8,
09/12/2025,52070,8,9,A,7,
09/12/2025,52071,A,8,8,9,
09/12/2025,52072,K,K,Q,Q,
09/12/2025,52073,K,J,10,Q,
09/12/2025,52074,7,10,9,7,
09/12/2025,52075,J,K,10,A,
10/12/2025,52076,10,8,9,J,
10/12/2025,52077,10,K,K,7,
10/12/2025,52078,Q,K,J,Q,
10/12/2025,52079,10,7,7,10,
10/12/2025,52080,8,9,7,K,
10/12/2025,52081,10,Q,A,9,
10/12/2025,52082,A,10,Q,A,
11/12/2025,52083,9,10,9,K,
11/12/2025,52084,10,J,10,A,
11/12/2025,52085,J,9,9,10,
11/12/2025,52086,Q,8,J,9,
11/12/2025,52087,A,9,9,Q,
11/12/2025,52088,K,J,Q,Q,
11/12/2025,52089,7,8,9,K,
12/12/2025,52090,A,A,8,A,
12/12/2025,52091,7,J,9,9,
12/12/2025,52092,7,Q,K,J,
13/12/2025,52093,10,10,7,Q,
13/12/2025,52094,10,K,Q,7,
14/12/2025,52095,8,Q,K,10,
14/12/2025,52096,9,K,9,7,
14/12/2025,52097,10,8,8,Q,
14/12/2025,52098,K,K,10,7,
14/12/2025,52099,9,A,K,7,
14/12/2025,52100,10,A,9,10,
14/12/2025,52101,7,A,A,10,
15/12/2025,52102,8,A,K,A,
15/12/2025,52103,Q,10,10,Q,
15/12/2025,52104,Q,8,10,7,
15/12/2025,52105,K,10,J,8,
15/12/2025,52106,9,8,K,10,
15/12/2025,52107,K,K,10,A,
15/12/2025,52108,7,K,A,J,
16/12/2025,52109,9,10,K,8,
16/12/2025,52110,9,9,J,10,
16/12/2025,52111,J,8,10,7,
16/12/2025,52112,10,K,7,K,
16/12/2025,52113,Q,7,7,A,
16/12/2025,52114,J,8,A,9,
16/12/2025,52115,10,A,K,J,
17/12/2025,52116,7,K,9,8,
17/12/2025,52117,7,A,9,J,
17/12/2025,52118,8,8,A,9,
17/12/2025,52119,J,A,A,Q,
17/12/2025,52120,A,9,7,8,
17/12/2025,52121,A,10,A,A,
17/12/2025,52122,8,10,J,K,
18/12/2025,52123,7,K,A,A,
18/12/2025,52124,Q,9,A,8,
18/12/2025,52125,7,K,Q,9,
18/12/2025,52126,Q,A,Q,K,
18/12/2025,52127,10,A,J,K,
18/12/2025,52128,K,10,J,8,
18/12/2025,52129,8,Q,9,7,
19/12/2025,52130,10,10,A,9,
19/12/2025,52131,7,7,9,K,
19/12/2025,52132,Q,A,9,A,
20/12/2025,52133,9,8,K,8,
20/12/2025,52134,A,9,A,J,
21/12/2025,52135,A,A,8,7,
21/12/2025,52136,J,9,K,9,
21/12/2025,52137,10,10,A,8,
21/12/2025,52138,A,Q,Q,9,
21/12/2025,52139,A,A,7,A,
21/12/2025,52140,K,Q,9,K,
21/12/2025,52141,7,7,J,Q,
22/12/2025,52142,7,10,K,8,
22/12/2025,52143,A,10,A,J,
22/12/2025,52144,A,J,J,8,
22/12/2025,52145,10,8,J,A,
22/12/2025,52146,10,10,J,7,
22/12/2025,52147,10,9,7,10,
22/12/2025,52148,10,J,10,10,
23/12/2025,52149,7,A,7,A,
23/12/2025,52150,10,7,10,10,
23/12/2025,52151,K,K,9,7,
23/12/2025,52152,J,J,8,8,
23/12/2025,52153,9,9,8,A,
23/12/2025,52154,10,7,K,8,
23/12/2025,52155,J,10,7,A,
24/12/2025,52156,Q,A,A,K,
24/12/2025,52157,7,K,J,10,
24/12/2025,52158,9,7,A,8,
24/12/2025,52159,Q,9,A,J,
24/12/2025,52160,Q,9,8,Q,
24/12/2025,52161,10,A,10,7,
24/12/2025,52162,8,K,Q,7,
25/12/2025,52163,10,J,J,7,
25/12/2025,52164,10,K,A,10,
25/12/2025,52165,9,A,9,J,
25/12/2025,52166,10,8,K,9,
25/12/2025,52167,K,Q,K,J,
25/12/2025,52168,J,K,A,10,
25/12/2025,52169,A,A,10,8,
26/12/2025,52170,8,J,8,7,
26/12/2025,52171,8,A,A,J,
26/12/2025,52172,7,8,Q,Q,
27/12/2025,52173,A,Q,Q,8,
27/12/2025,52174,A,A,A,A,
28/12/2025,52175,10,A,Q,J,
28/12/2025,52176,9,10,9,8,
28/12/2025,52177,7,K,A,Q,
28/12/2025,52178,9,Q,7,K,
28/12/2025,52179,K,A,K,J,
28/12/2025,52180,9,K,8,7,
28/12/2025,52181,K,7,A,10,
29/12/2025,52182,7,9,J,A,
29/12/2025,52183,A,K,Q,7,
29/12/2025,52184,Q,Q,K,J,
29/12/2025,52185,J,Q,8,J,
29/12/2025,52186,8,A,J,A,
29/12/2025,52187,A,7,Q,Q,
29/12/2025,52188,8,J,A,9,
30/12/2025,52189,8,Q,7,J,
30/12/2025,52190,7,K,7,8,
30/12/2025,52191,9,10,J,7,
30/12/2025,52192,J,Q,7,8,
30/12/2025,52193,Q,K,9,10,
30/12/2025,52194,K,J,Q,9,
30/12/2025,52195,J,K,10,K,
31/12/2025,52196,10,J,9,Q,
31/12/2025,52197,Q,9,K,K,
31/12/2025,52198,K,10,J,10,
31/12/2025,52199,A,K,K,K,
31/12/2025,52200,Q,K,Q,8,
31/12/2025,52201,8,J,J,J,
31/12/2025,52202,8,Q,10,Q,
01/01/2026,52203,7,8,A,10,
01/01/2026,52204,Q,9,Q,7,
01/01/2026,52205,Q,K,9,7,
01/01/2026,52206,A,8,8,10,
01/01/2026,52207,8,Q,8,8,
01/01/2026,52208,10,J,A,J,
01/01/2026,52209,9,8,8,10,
02/01/2026,52210,7,10,Q,A,
02/01/2026,52211,8,8,10,K,
02/01/2026,52212,Q,A,10,8,
03/01/2026,52213,8,K,A,Q,
03/01/2026,52214,9,Q,A,A,
04/01/2026,52215,K,A,7,9,
04/01/2026,52216,A,7,K,7,
04/01/2026,52217,K,A,K,K,
04/01/2026,52218,10,7,Q,J,
04/01/2026,52219,10,K,9,10,
04/01/2026,52220,Q,Q,K,J,
04/01/2026,52221,A,Q,K,7,
05/01/2026,52222,8,8,8,J,
05/01/2026,52223,Q,7,8,9,
05/01/2026,52224,Q,7,A,K,
05/01/2026,52225,J,8,Q,7,
05/01/2026,52226,J,J,7,A,
05/01/2026,52227,10,9,7,7,
05/01/2026,52228,10,9,Q,7,
06/01/2026,52229,K,K,9,K,
06/01/2026,52230,J,8,9,7,
06/01/2026,52231,8,J,9,J,
06/01/2026,52232,8,J,10,9,
06/01/2026,52233,9,A,A,10,
06/01/2026,52234,A,A,K,7,
06/01/2026,52235,J,10,Q,7,
07/01/2026,52236,K,A,J,J,
07/01/2026,52237,10,10,Q,Q,
07/01/2026,52238,K,10,J,9,
07/01/2026,52239,8,8,K,10,
07/01/2026,52240,9,A,9,7,
07/01/2026,52241,7,8,8,9,
07/01/2026,52242,K,J,8,8,
08/01/2026,52243,K,K,K,8,
08/01/2026,52244,10,9,K,A,
08/01/2026,52245,7,7,A,Q,
08/01/2026,52246,A,A,10,Q,
08/01/2026,52247,J,A,8,K,
08/01/2026,52248,Q,A,J,7,
08/01/2026,52249,Q,Q,9,K,
09/01/2026,52250,10,A,A,8,
09/01/2026,52251,K,8,10,Q,
09/01/2026,52252,7,J,7,Q,
10/01/2026,52253,J,K,A,Q,
10/01/2026,52254,A,10,A,Q,
11/01/2026,52255,A,A,K,10,
11/01/2026,52256,10,Q,8,8,
11/01/2026,52257,7,10,10,8,
11/01/2026,52258,8,9,8,9,
11/01/2026,52259,Q,J,A,K,
11/01/2026,52260,8,Q,10,K,
11/01/2026,52261,9,J,Q,Q,
12/01/2026,52262,9,A,K,Q,
12/01/2026,52263,Q,Q,J,10,
12/01/2026,52264,10,K,9,K,
12/01/2026,52265,Q,Q,A,K,
12/01/2026,52266,A,7,J,Q,
12/01/2026,52267,8,8,10,9,
12/01/2026,52268,A,9,9,9,
13/01/2026,52269,Q,9,8,7,
13/01/2026,52270,Q,10,7,10,
13/01/2026,52271,7,8,A,8,
13/01/2026,52272,9,9,7,10,
13/01/2026,52273,8,10,7,9,
13/01/2026,52274,Q,Q,10,J,
13/01/2026,52275,Q,Q,J,J,
14/01/2026,52276,7,9,10,8,
14/01/2026,52277,K,9,7,K,
14/01/2026,52278,K,J,Q,7,
14/01/2026,52279,Q,K,J,8,
14/01/2026,52280,10,8,A,8,
14/01/2026,52281,A,10,Q,J,
14/01/2026,52282,A,J,9,9,
15/01/2026,52283,A,K,J,J,
15/01/2026,52284,K,8,K,J,
15/01/2026,52285,7,8,7,K,
15/01/2026,52286,7,J,J,7,
15/01/2026,52287,A,8,Q,9,
15/01/2026,52288,9,9,J,J,
15/01/2026,52289,Q,J,A,9,
16/01/2026,52290,J,9,A,Q,
16/01/2026,52291,9,9,K,J,
16/01/2026,52292,9,K,7,9,
17/01/2026,52293,A,Q,A,10,
17/01/2026,52294,8,K,8,7,
18/01/2026,52295,J,Q,K,Q,
18/01/2026,52296,Q,7,9,A,
18/01/2026,52297,10,Q,8,K,
18/01/2026,52298,K,10,7,J,
18/01/2026,52299,A,10,8,A,
18/01/2026,52300,10,Q,Q,7,
18/01/2026,52301,A,J,A,9,
19/01/2026,52302,10,A,7,Q,
19/01/2026,52303,Q,7,A,J,
19/01/2026,52304,K,K,7,A,
19/01/2026,52305,10,10,7,9,
19/01/2026,52306,7,7,Q,Q,
19/01/2026,52307,9,8,A,K,
19/01/2026,52308,9,7,9,7,
20/01/2026,52309,9,9,A,Q,
20/01/2026,52310,7,10,8,8,
20/01/2026,52311,J,9,K,A,
20/01/2026,52312,Q,Q,10,K,
20/01/2026,52313,K,Q,Q,10,
20/01/2026,52314,8,A,A,7,
20/01/2026,52315,8,A,8,7,
21/01/2026,52316,8,10,9,A,
21/01/2026,52317,Q,9,8,A,
21/01/2026,52318,K,10,K,8,
21/01/2026,52319,9,7,7,Q,
21/01/2026,52320,Q,K,7,J,
21/01/2026,52321,A,8,K,8,
21/01/2026,52322,9,7,A,K,
22/01/2026,52323,K,Q,9,10,
22/01/2026,52324,Q,9,Q,K,
22/01/2026,52325,J,J,Q,8,
22/01/2026,52326,K,7,A,J,
22/01/2026,52327,A,9,J,7,
22/01/2026,52328,Q,K,K,8,
22/01/2026,52329,K,A,10,8,
23/01/2026,52330,A,9,Q,8,
23/01/2026,52331,10,9,Q,A,
23/01/2026,52332,9,10,K,K,
24/01/2026,52333,8,J,8,J,
24/01/2026,52334,J,Q,A,10,
25/01/2026,52335,K,10,A,J,
25/01/2026,52336,7,8,9,A,
25/01/2026,52337,9,J,9,J,
25/01/2026,52338,Q,10,9,7,
25/01/2026,52339,10,9,A,J,
25/01/2026,52340,7,Q,A,A,
25/01/2026,52341,Q,A,7,8,
26/01/2026,52342,Q,Q,9,8,
26/01/2026,52343,9,A,J,Q,
26/01/2026,52344,10,K,A,Q,
26/01/2026,52345,10,Q,K,8,
26/01/2026,52346,K,K,A,9,
26/01/2026,52347,10,A,9,Q,
26/01/2026,52348,9,A,7,9,
27/01/2026,52349,8,10,8,Q,
27/01/2026,52350,K,A,10,A,
27/01/2026,52351,8,8,Q,9,
27/01/2026,52352,Q,10,A,K,
27/01/2026,52353,K,K,10,J,
27/01/2026,52354,8,K,A,9,
27/01/2026,52355,A,7,K,8,
28/01/2026,52356,10,J,A,7,
28/01/2026,52357,8,A,Q,10,
28/01/2026,52358,J,K,Q,Q,
28/01/2026,52359,K,7,J,J,
28/01/2026,52360,A,Q,7,9,
28/01/2026,52361,7,A,8,K,
28/01/2026,52362,8,7,9,7,
29/01/2026,52363,A,9,K,J,
29/01/2026,52364,9,J,8,J,
29/01/2026,52365,Q,9,9,8,
29/01/2026,52366,A,7,10,A,
29/01/2026,52367,8,K,Q,K,
29/01/2026,52368,A,J,8,10,
29/01/2026,52369,9,8,J,7,
30/01/2026,52370,Q,Q,7,J,
30/01/2026,52371,8,9,Q,K,
30/01/2026,52372,Q,J,J,J,
31/01/2026,52373,9,A,10,A,
31/01/2026,52374,8,9,8,7,
01/02/2026,52375,8,K,9,9,
01/02/2026,52376,7,J,Q,Q,
01/02/2026,52377,10,10,9,7,
01/02/2026,52378,J,A,8,Q,
01/02/2026,52379,A,J,9,Q,
01/02/2026,52380,7,7,9,Q,
01/02/2026,52381,7,J,10,8,
02/02/2026,52382,K,J,7,10,
02/02/2026,52383,A,A,9,A,
02/02/2026,52384,9,9,A,K,
02/02/2026,52385,A,J,A,Q,
02/02/2026,52386,9,9,10,9,
02/02/2026,52387,9,8,Q,8,
02/02/2026,52388,10,10,J,A,
03/02/2026,52389,8,10,7,8,
03/02/2026,52390,J,J,K,9,
03/02/2026,52391,9,Q,7,8,
03/02/2026,52392,9,Q,K,Q,
03/02/2026,52393,9,A,7,A,
03/02/2026,52394,8,8,9,8,
03/02/2026,52395,10,8,9,8,
04/02/2026,52396,A,Q,9,K,
04/02/2026,52397,A,9,9,J,
04/02/2026,52398,9,K,10,J,
04/02/2026,52399,10,8,8,A,
04/02/2026,52400,A,J,10,J,
04/02/2026,52401,9,Q,Q,9,
04/02/2026,52402,A,10,9,9,
05/02/2026,52403,Q,7,A,Q,
05/02/2026,52404,8,A,10,J,
05/02/2026,52405,10,K,9,9,
05/02/2026,52406,8,K,8,9,
05/02/2026,52407,K,10,Q,A,
05/02/2026,52408,A,A,Q,8,
05/02/2026,52409,K,Q,K,J,
06/02/2026,52410,10,8,10,A,
06/02/2026,52411,Q,J,Q,8,
06/02/2026,52412,J,K,8,10,
07/02/2026,52413,8,9,K,7,
07/02/2026,52414,J,8,10,J,
08/02/2026,52415,7,7,8,Q,
08/02/2026,52416,A,9,9,J,
08/02/2026,52417,J,A,8,A,
08/02/2026,52418,8,J,K,A,
08/02/2026,52419,Q,8,9,10,
08/02/2026,52420,A,9,9,10,
08/02/2026,52421,7,8,9,A,
09/02/2026,52422,8,8,J,K,
09/02/2026,52423,J,A,K,K,
09/02/2026,52424,9,8,10,7,
09/02/2026,52425,K,Q,J,7,
09/02/2026,52426,9,A,J,10,
09/02/2026,52427,10,8,Q,A,
09/02/2026,52428,7,7,8,10,
10/02/2026,52429,Q,9,K,K,
10/02/2026,52430,8,A,8,A,
10/02/2026,52431,7,9,J,J,
10/02/2026,52432,9,8,7,10,
10/02/2026,52433,8,10,J,10,
10/02/2026,52434,7,9,7,K,
10/02/2026,52435,K,10,8,A,
11/02/2026,52436,9,8,Q,9,
11/02/2026,52437,Q,8,Q,Q,
11/02/2026,52438,Q,9,Q,J,
11/02/2026,52439,K,8,9,8,
11/02/2026,52440,8,Q,A,J,
11/02/2026,52441,9,7,J,J,
11/02/2026,52442,K,A,Q,7,
12/02/2026,52443,8,10,9,K,
12/02/2026,52444,8,K,7,8,
12/02/2026,52445,J,7,10,A,
12/02/2026,52446,9,10,9,9,
12/02/2026,52447,7,A,K,8,
12/02/2026,52448,9,9,J,9,
12/02/2026,52449,A,Q,7,8,
13/02/2026,52450,Q,Q,7,7,
13/02/2026,52451,9,9,A,K,
13/02/2026,52452,7,8,Q,K,
14/02/2026,52453,9,Q,8,8,
14/02/2026,52454,A,K,9,9,
15/02/2026,52455,7,8,Q,Q,
15/02/2026,52456,K,8,7,7,
15/02/2026,52457,8,K,J,J,
15/02/2026,52458,K,J,Q,J,
15/02/2026,52459,A,9,8,8,
15/02/2026,52460,K,K,J,A,
15/02/2026,52461,10,Q,Q,9,
16/02/2026,52462,7,A,9,J,
16/02/2026,52463,10,7,J,10,
16/02/2026,52464,8,10,7,A,
16/02/2026,52465,10,9,10,8,
16/02/2026,52466,8,K,A,A,
16/02/2026,52467,J,10,8,9,
16/02/2026,52468,A,K,9,7,
17/02/2026,52469,8,J,8,K,
17/02/2026,52470,J,10,K,9,
17/02/2026,52471,7,J,7,A,
17/02/2026,52472,10,10,J,7,
17/02/2026,52473,J,K,9,A,
17/02/2026,52474,8,Q,9,A,
17/02/2026,52475,7,K,8,K,
18/02/2026,52476,10,10,Q,K,
18/02/2026,52477,Q,A,8,10,
18/02/2026,52478,10,A,9,A,
18/02/2026,52479,10,Q,Q,8,
18/02/2026,52480,A,K,A,7,
18/02/2026,52481,9,J,8,K,
18/02/2026,52482,A,A,7,7,
19/02/2026,52483,J,9,J,Q,
19/02/2026,52484,Q,Q,10,A,
19/02/2026,52485,9,Q,9,7,
19/02/2026,52486,9,7,A,7,
19/02/2026,52487,Q,Q,K,9,
19/02/2026,52488,Q,7,K,K,
19/02/2026,52489,K,8,A,A,
20/02/2026,52490,10,Q,8,J,
20/02/2026,52491,9,Q,Q,8,
20/02/2026,52492,Q,10,9,K,
21/02/2026,52493,8,Q,10,7,
21/02/2026,52494,J,K,9,K,
22/02/2026,52495,K,9,10,8,
22/02/2026,52496,Q,8,7,A,
22/02/2026,52497,A,J,J,9,
22/02/2026,52498,Q,K,K,A,
22/02/2026,52499,K,K,9,7,
22/02/2026,52500,Q,J,Q,J,
22/02/2026,52501,9,7,K,K,
23/02/2026,52502,K,10,J,8,
23/02/2026,52503,J,8,Q,7,
23/02/2026,52504,Q,9,8,10,
23/02/2026,52505,A,K,A,7,
23/02/2026,52506,J,J,J,10,
23/02/2026,52507,Q,10,K,9,
23/02/2026,52508,J,A,Q,K,
24/02/2026,52509,K,Q,10,J,
24/02/2026,52510,Q,7,7,8,
24/02/2026,52511,8,Q,7,9,
24/02/2026,52512,Q,A,9,8,
24/02/2026,52513,10,J,10,J,
24/02/2026,52514,7,K,9,8,
24/02/2026,52515,J,A,Q,9,
25/02/2026,52516,7,8,7,J,
25/02/2026,52517,7,7,Q,K,
25/02/2026,52518,8,7,9,9,
25/02/2026,52519,Q,A,9,J,
25/02/2026,52520,9,Q,10,7,
25/02/2026,52521,K,9,A,A,
25/02/2026,52522,J,10,7,9,
26/02/2026,52523,A,9,A,10,
26/02/2026,52524,8,K,10,A,
26/02/2026,52525,7,9,Q,J,
26/02/2026,52526,7,J,K,Q,
26/02/2026,52527,8,A,7,10,
26/02/2026,52528,10,Q,K,Q,
26/02/2026,52529,10,A,10,8,
27/02/2026,52530,J,10,A,9,
27/02/2026,52531,7,Q,A,7,
27/02/2026,52532,A,Q,7,9,
05/03/2026,52533,8,J,Q,A,
05/03/2026,52534,10,K,8,J,
05/03/2026,52535,9,8,9,Q,
05/03/2026,52536,J,7,Q,Q,
06/03/2026,52537,Q,J,Q,K,
06/03/2026,52538,8,J,J,10,
06/03/2026,52539,10,7,9,8,
07/03/2026,52540,A,7,Q,9,
07/03/2026,52541,9,10,Q,8,
08/03/2026,52542,9,K,Q,8,
08/03/2026,52543,J,9,9,10,
08/03/2026,52544,K,Q,9,7,
08/03/2026,52545,8,J,J,J,
08/03/2026,52546,10,10,8,9,
08/03/2026,52547,K,10,K,A,
08/03/2026,52548,7,J,J,A,
09/03/2026,52549,J,10,Q,7,
09/03/2026,52550,7,7,9,A,
09/03/2026,52551,A,10,10,10,
09/03/2026,52552,9,10,A,9,
09/03/2026,52553,A,9,J,8,
09/03/2026,52554,10,8,9,7,
09/03/2026,52555,A,9,8,7,
10/03/2026,52556,7,7,8,9,
10/03/2026,52557,10,8,A,7,
10/03/2026,52558,10,J,A,9,
10/03/2026,52559,Q,J,8,10,
10/03/2026,52560,A,10,8,7,
10/03/2026,52561,A,J,Q,8,
10/03/2026,52562,9,K,10,K,
11/03/2026,52563,A,10,Q,J,
11/03/2026,52564,Q,7,7,7,
11/03/2026,52565,9,9,Q,Q,
11/03/2026,52566,7,K,J,A,
11/03/2026,52567,7,10,J,J,
11/03/2026,52568,9,A,10,A,
11/03/2026,52569,A,J,A,7,
12/03/2026,52570,Q,7,10,9,
12/03/2026,52571,J,J,K,9,
12/03/2026,52572,10,10,9,K,
12/03/2026,52573,Q,K,J,J,
12/03/2026,52574,A,Q,10,Q,
12/03/2026,52575,9,7,7,K,
12/03/2026,52576,Q,10,7,A,
13/03/2026,52577,7,10,8,A,
13/03/2026,52578,A,Q,J,A,
13/03/2026,52579,8,9,10,9,
14/03/2026,52580,A,K,Q,Q,
14/03/2026,52581,9,9,8,7,
15/03/2026,52582,J,8,J,K,
15/03/2026,52583,Q,8,J,8,
15/03/2026,52584,9,7,K,A,
15/03/2026,52585,J,Q,10,7,
15/03/2026,52586,8,7,8,10,
15/03/2026,52587,K,J,7,10,
15/03/2026,52588,9,7,8,A,
16/03/2026,52589,9,Q,9,7,
16/03/2026,52590,J,J,10,A,
16/03/2026,52591,J,10,K,K,
16/03/2026,52592,K,10,8,7,
16/03/2026,52593,7,8,10,7,
16/03/2026,52594,A,K,K,9,
16/03/2026,52595,8,A,8,10,
17/03/2026,52596,J,8,Q,7,
17/03/2026,52597,A,Q,A,K,
17/03/2026,52598,9,K,10,A,
17/03/2026,52599,A,A,J,7,
17/03/2026,52600,9,A,10,A,
17/03/2026,52601,Q,J,K,A,
17/03/2026,52602,K,K,J,J,
18/03/2026,52603,8,Q,10,A,
18/03/2026,52604,A,A,7,K,
18/03/2026,52605,Q,9,8,Q,
18/03/2026,52606,9,K,8,Q,
18/03/2026,52607,Q,8,10,9,
18/03/2026,52608,J,9,7,K,
18/03/2026,52609,K,Q,Q,Q,
19/03/2026,52610,K,9,J,J,
19/03/2026,52611,8,10,9,7,
19/03/2026,52612,A,8,7,A,
19/03/2026,52613,8,10,Q,Q,
19/03/2026,52614,9,8,9,A,
19/03/2026,52615,9,7,K,A,
19/03/2026,52616,K,K,9,A,
20/03/2026,52617,A,8,9,10,
20/03/2026,52618,8,8,7,7,
20/03/2026,52619,K,8,9,10,
21/03/2026,52620,A,K,8,K,
21/03/2026,52621,A,9,10,8,
22/03/2026,52622,9,10,J,9,
22/03/2026,52623,9,J,8,10,
22/03/2026,52624,9,J,7,Q,
22/03/2026,52625,9,9,A,8,
22/03/2026,52626,K,A,A,J,
22/03/2026,52627,A,9,7,9,
22/03/2026,52628,7,7,7,Q,
23/03/2026,52629,J,K,Q,9,
23/03/2026,52630,A,K,7,7,
23/03/2026,52631,K,K,10,9,
23/03/2026,52632,Q,9,K,8,
23/03/2026,52633,9,7,8,J,
23/03/2026,52634,A,8,9,10,
23/03/2026,52635,8,J,K,Q,
24/03/2026,52636,Q,9,10,K,
24/03/2026,52637,K,A,Q,Q,
24/03/2026,52638,A,Q,7,A,
24/03/2026,52639,7,J,J,10,
24/03/2026,52640,10,J,K,8,
24/03/2026,52641,7,8,Q,8,
24/03/2026,52642,Q,K,J,J,
25/03/2026,52643,7,K,Q,9,
25/03/2026,52644,K,J,Q,A,
25/03/2026,52645,K,10,A,9,
25/03/2026,52646,10,9,10,9,
25/03/2026,52647,7,Q,K,J,
25/03/2026,52648,10,A,A,J,
25/03/2026,52649,9,Q,10,Q,
26/03/2026,52650,10,9,8,9,
26/03/2026,52651,8,J,Q,K,
26/03/2026,52652,10,8,9,10,
26/03/2026,52653,10,A,7,9,
26/03/2026,52654,7,K,J,J,
26/03/2026,52655,Q,7,J,Q,
26/03/2026,52656,8,9,7,10,
27/03/2026,52657,10,8,10,9,
27/03/2026,52658,9,9,K,9,
27/03/2026,52659,10,8,Q,K,
28/03/2026,52660,7,8,J,J,
28/03/2026,52661,10,8,A,7,
29/03/2026,52662,8,J,9,A,
29/03/2026,52663,K,A,A,A,
29/03/2026,52664,10,7,A,8,
29/03/2026,52665,A,9,9,7,
29/03/2026,52666,8,J,J,7,
29/03/2026,52667,A,7,A,8,
29/03/2026,52668,Q,7,7,Q,
30/03/2026,52669,9,A,10,A,
30/03/2026,52670,9,7,10,A,
30/03/2026,52671,K,10,K,9,
30/03/2026,52672,K,8,8,J,
30/03/2026,52673,K,K,10,K,
30/03/2026,52674,8,A,10,10,
30/03/2026,52675,8,A,9,7,
31/03/2026,52676,10,10,9,10,
31/03/2026,52677,J,K,7,Q,
31/03/2026,52678,Q,K,9,7,
31/03/2026,52679,9,Q,7,8,
31/03/2026,52680,7,K,Q,8,
31/03/2026,52681,J,9,10,8,
31/03/2026,52682,10,K,8,10,
01/04/2026,52683,8,A,9,Q,
01/04/2026,52684,8,10,Q,10,
01/04/2026,52685,A,7,A,K,
02/04/2026,52686,Q,8,J,Q,
03/04/2026,52687,Q,K,7,Q,
03/04/2026,52688,10,9,Q,A,
03/04/2026,52689,Q,9,A,A,
04/04/2026,52690,8,Q,9,7,
04/04/2026,52691,K,8,J,7,
05/04/2026,52692,7,Q,10,J,
05/04/2026,52693,J,A,8,8,
05/04/2026,52694,A,7,J,K,
05/04/2026,52695,10,A,9,9,
05/04/2026,52696,J,Q,7,8,
05/04/2026,52697,9,Q,J,J,
05/04/2026,52698,10,8,8,9,
06/04/2026,52699,7,7,Q,9,
06/04/2026,52700,8,A,7,J,
06/04/2026,52701,10,8,A,K,
06/04/2026,52702,9,8,9,J,
06/04/2026,52703,K,8,J,J,
06/04/2026,52704,K,Q,7,Q,
06/04/2026,52705,8,J,J,J,
07/04/2026,52706,9,8,9,Q,
07/04/2026,52707,A,9,J,A,
07/04/2026,52708,Q,Q,7,J,
08/04/2026,52709,10,10,9,J,
09/04/2026,52710,10,K,9,7,
09/04/2026,52711,A,8,A,Q,
09/04/2026,52712,8,A,7,9,
09/04/2026,52713,J,10,A,K,
09/04/2026,52714,8,Q,J,K,
09/04/2026,52715,10,8,10,8,
09/04/2026,52716,9,Q,J,K,
10/04/2026,52717,8,8,9,8,
10/04/2026,52718,7,7,7,9,
10/04/2026,52719,J,Q,10,7,
11/04/2026,52720,Q,A,9,A,
11/04/2026,52721,J,10,Q,K,
12/04/2026,52722,8,J,9,7,
12/04/2026,52723,9,J,K,Q,
12/04/2026,52724,7,10,K,J,
12/04/2026,52725,7,8,Q,K,
12/04/2026,52726,A,Q,K,A,
12/04/2026,52727,Q,J,K,Q,
12/04/2026,52728,A,J,Q,10,
13/04/2026,52729,10,Q,Q,7,
13/04/2026,52730,K,Q,9,10,
13/04/2026,52731,J,A,K,10,
13/04/2026,52732,10,8,10,J,
14/04/2026,52733,Q,K,7,9,
15/04/2026,52734,8,8,J,10,
15/04/2026,52735,A,10,8,K,
15/04/2026,52736,9,K,A,9,
15/04/2026,52737,7,Q,7,10,
15/04/2026,52738,A,A,7,A,
15/04/2026,52739,Q,J,8,Q,
15/04/2026,52740,J,J,K,9,
16/04/2026,52741,9,Q,8,9,
16/04/2026,52742,9,A,K,K,
16/04/2026,52743,8,J,9,K,
16/04/2026,52744,10,Q,J,J,
16/04/2026,52745,Q,K,9,K,
16/04/2026,52746,A,7,8,J,
16/04/2026,52747,J,J,7,Q,
17/04/2026,52748,10,Q,8,A,
17/04/2026,52749,K,Q,7,10,
17/04/2026,52750,9,7,9,Q,
18/04/2026,52751,Q,8,A,9,
18/04/2026,52752,Q,J,A,A,
19/04/2026,52753,K,10,10,K,
19/04/2026,52754,K,Q,J,7,
19/04/2026,52755,J,7,10,Q,
19/04/2026,52756,A,9,8,7,
19/04/2026,52757,A,K,10,8,
19/04/2026,52758,A,Q,J,K,
19/04/2026,52759,10,8,8,Q,
20/04/2026,52760,Q,9,7,A,
20/04/2026,52761,J,10,9,9,
20/04/2026,52762,K,J,8,A,
20/04/2026,52763,A,A,Q,A,
21/04/2026,52764,7,9,K,K,
22/04/2026,52765,9,K,Q,9,
23/04/2026,52766,9,8,Q,10,
23/04/2026,52767,Q,7,Q,A,
23/04/2026,52768,Q,9,K,K,
23/04/2026,52769,K,8,A,9,
23/04/2026,52770,A,Q,7,8,
23/04/2026,52771,7,9,8,8,
23/04/2026,52772,9,7,K,9,
24/04/2026,52773,8,J,9,J,
24/04/2026,52774,K,9,A,8,
24/04/2026,52775,8,Q,A,8,
25/04/2026,52776,J,7,J,J,
25/04/2026,52777,8,9,K,A,
26/04/2026,52778,10,8,9,Q,
26/04/2026,52779,8,K,K,Q,
26/04/2026,52780,Q,7,7,Q,
26/04/2026,52781,A,J,A,8,
26/04/2026,52782,K,9,K,10,
26/04/2026,52783,8,10,10,8,
26/04/2026,52784,Q,10,10,8,
27/04/2026,52785,8,A,8,J,
27/04/2026,52786,Q,8,A,8,
27/04/2026,52787,8,8,8,K,
27/04/2026,52788,A,A,J,9,
27/04/2026,52789,9,8,Q,K,
27/04/2026,52790,9,7,K,Q,
27/04/2026,52791,7,Q,J,8,
28/04/2026,52792,10,K,8,10,
28/04/2026,52793,K,9,10,8,
28/04/2026,52794,10,A,J,8,
28/04/2026,52795,7,A,7,10,
28/04/2026,52796,A,K,7,7,
28/04/2026,52797,9,9,7,A,
28/04/2026,52798,K,8,Q,K,
29/04/2026,52799,K,7,8,Q,
29/04/2026,52800,K,10,8,7,
29/04/2026,52801,Q,J,10,10,
29/04/2026,52802,8,7,9,K,
29/04/2026,52803,10,7,Q,A,
29/04/2026,52804,J,10,9,7,
29/04/2026,52805,J,K,9,J,
30/04/2026,52806,8,Q,8,10,
30/04/2026,52807,7,A,Q,9,
30/04/2026,52808,8,J,K,Q,
30/04/2026,52809,J,J,J,A,
30/04/2026,52810,8,A,8,10,
30/04/2026,52811,A,9,Q,10,
30/04/2026,52812,Q,10,10,8,
01/05/2026,52813,10,K,K,10,
01/05/2026,52814,Q,A,A,10,
01/05/2026,52815,8,J,Q,K,
02/05/2026,52816,8,7,7,A,
02/05/2026,52817,7,7,Q,10,
03/05/2026,52818,K,K,8,K,
03/05/2026,52819,7,K,10,Q,
03/05/2026,52820,Q,10,Q,10,
03/05/2026,52821,8,Q,A,A,
03/05/2026,52822,J,K,10,10,
03/05/2026,52823,Q,8,8,K,
03/05/2026,52824,A,7,J,8,
04/05/2026,52825,7,10,7,10,
04/05/2026,52826,Q,Q,7,7,
04/05/2026,52827,7,9,8,A,
04/05/2026,52828,10,K,7,8,
04/05/2026,52829,7,9,K,7,
04/05/2026,52830,9,Q,J,8,
04/05/2026,52831,Q,K,8,7,
05/05/2026,52832,7,9,Q,8,
05/05/2026,52833,9,Q,K,Q,
05/05/2026,52834,J,7,10,J,
05/05/2026,52835,A,8,10,J,
05/05/2026,52836,9,9,9,10,
05/05/2026,52837,A,K,Q,K,
05/05/2026,52838,K,K,Q,J,
06/05/2026,52839,K,9,J,Q,
06/05/2026,52840,K,A,8,9,
06/05/2026,52841,7,K,9,10,
06/05/2026,52842,K,9,9,Q,
06/05/2026,52843,K,K,10,10,
06/05/2026,52844,10,8,A,J,
06/05/2026,52845,A,9,9,J,
07/05/2026,52846,K,9,10,Q,
07/05/2026,52847,A,9,J,7,
07/05/2026,52848,A,Q,10,10,
07/05/2026,52849,K,8,7,Q,
07/05/2026,52850,10,J,A,10,
07/05/2026,52851,Q,K,K,9,
07/05/2026,52852,7,10,7,K,
08/05/2026,52853,8,J,9,Q,
08/05/2026,52854,10,K,10,Q,
08/05/2026,52855,7,10,9,7,
09/05/2026,52856,7,7,10,Q,
09/05/2026,52857,Q,8,A,9,
10/05/2026,52858,7,10,J,K,
10/05/2026,52859,J,A,J,7,
10/05/2026,52860,A,10,Q,A,
10/05/2026,52861,10,A,Q,9,
10/05/2026,52862,Q,K,A,A,
10/05/2026,52863,Q,8,K,8,
10/05/2026,52864,Q,Q,Q,A,
11/05/2026,52865,8,K,10,8,
11/05/2026,52866,J,9,10,10,
11/05/2026,52867,10,Q,Q,K,
11/05/2026,52868,10,10,J,9,
11/05/2026,52869,7,Q,A,9,
11/05/2026,52870,8,7,Q,10,
11/05/2026,52871,7,10,7,7,
12/05/2026,52872,A,A,7,A,
12/05/2026,52873,10,J,7,K,
12/05/2026,52874,10,10,10,10,
12/05/2026,52875,K,7,9,A,
12/05/2026,52876,A,7,7,10,
12/05/2026,52877,9,9,8,10,
12/05/2026,52878,J,8,Q,J,
13/05/2026,52879,8,Q,8,7,
13/05/2026,52880,Q,10,A,A,
13/05/2026,52881,K,7,K,7,
13/05/2026,52882,8,10,A,K,
13/05/2026,52883,10,8,8,9,
13/05/2026,52884,A,7,7,A,
13/05/2026,52885,7,8,Q,7,
14/05/2026,52886,8,Q,K,K,
14/05/2026,52887,K,K,J,7,
14/05/2026,52888,8,A,7,7,
14/05/2026,52889,K,9,9,8,
14/05/2026,52890,10,7,10,J,
14/05/2026,52891,K,Q,10,7,
14/05/2026,52892,K,9,10,J,
15/05/2026,52893,7,K,7,8,
15/05/2026,52894,J,J,Q,K,
15/05/2026,52895,10,8,A,10,
16/05/2026,52896,8,J,9,7,
16/05/2026,52897,7,K,Q,8,
17/05/2026,52898,A,9,A,9,
17/05/2026,52899,7,A,9,8,
17/05/2026,52900,8,7,Q,Q,
17/05/2026,52901,9,8,K,K,
17/05/2026,52902,K,7,7,A,
17/05/2026,52903,9,7,9,10,
17/05/2026,52904,K,8,9,9,
18/05/2026,52905,A,K,J,9,
18/05/2026,52906,8,Q,J,7,
18/05/2026,52907,A,Q,A,8,
18/05/2026,52908,K,Q,7,Q,
18/05/2026,52909,10,J,K,A,
18/05/2026,52910,K,Q,9,10,
18/05/2026,52911,7,10,J,Q,
19/05/2026,52912,9,Q,A,A,
19/05/2026,52913,10,10,9,K,
19/05/2026,52914,7,J,K,K,
19/05/2026,52915,K,10,K,10,
19/05/2026,52916,Q,Q,J,J,
19/05/2026,52917,K,K,Q,8,
19/05/2026,52918,10,J,K,K,
20/05/2026,52919,10,A,Q,J,
20/05/2026,52920,8,Q,9,8,
20/05/2026,52921,A,Q,A,9,
20/05/2026,52922,8,10,Q,K,
20/05/2026,52923,A,9,9,A,
20/05/2026,52924,A,J,K,J,
20/05/2026,52925,8,7,10,8,
21/05/2026,52926,10,7,10,8,
21/05/2026,52927,A,9,10,10,
21/05/2026,52928,J,J,J,Q,
23/05/2026,52929,A,9,Q,7,
23/05/2026,52930,Q,K,10,A,
24/05/2026,52931,J,A,J,K,
24/05/2026,52932,J,10,10,J,
24/05/2026,52933,7,9,9,7,
24/05/2026,52934,Q,10,A,Q,
24/05/2026,52935,J,8,8,7,
24/05/2026,52936,9,K,7,Q,
24/05/2026,52937,Q,K,8,9,
25/05/2026,52938,K,8,7,Q,
25/05/2026,52939,8,K,J,Q,
25/05/2026,52940,8,9,K,7,
25/05/2026,52941,8,K,9,J,
25/05/2026,52942,K,10,K,8,
25/05/2026,52943,7,A,8,J,
25/05/2026,52944,9,10,9,10,
26/05/2026,52945,Q,9,9,7,
26/05/2026,52946,J,9,10,J,
26/05/2026,52947,K,8,9,Q,
26/05/2026,52948,8,10,10,10,
26/05/2026,52949,10,9,8,Q,
26/05/2026,52950,J,7,Q,K,
26/05/2026,52951,K,7,A,A,
27/05/2026,52952,K,A,9,8,
27/05/2026,52953,7,J,8,8,
27/05/2026,52954,7,10,J,8,
27/05/2026,52955,10,J,A,9,
27/05/2026,52956,7,Q,9,7,
27/05/2026,52957,J,10,9,Q,
27/05/2026,52958,A,A,J,J,
28/05/2026,52959,9,10,J,8,
28/05/2026,52960,Q,10,Q,9,
28/05/2026,52961,A,10,7,7,
28/05/2026,52962,10,A,A,J,
28/05/2026,52963,A,7,10,8,
28/05/2026,52964,10,K,9,K,
28/05/2026,52965,J,8,A,Q,
29/05/2026,52966,7,J,A,K,
29/05/2026,52967,K,7,Q,10,
29/05/2026,52968,Q,7,K,8,
30/05/2026,52969,K,Q,J,7,
30/05/2026,52970,A,9,8,A,
31/05/2026,52971,8,8,8,8,
31/05/2026,52972,10,10,10,A,
31/05/2026,52973,K,8,7,A,
31/05/2026,52974,J,A,8,9,
31/05/2026,52975,9,8,K,9,
31/05/2026,52976,8,8,10,J,
31/05/2026,52977,K,J,J,7,
01/06/2026,52978,J,A,10,10,
01/06/2026,52979,8,7,A,K,
01/06/2026,52980,A,J,9,9,
01/06/2026,52981,A,Q,A,Q,
01/06/2026,52982,7,9,10,8,
01/06/2026,52983,Q,Q,8,J,
01/06/2026,52984,J,J,9,Q,
02/06/2026,52985,J,9,9,9,
02/06/2026,52986,K,J,K,8,
02/06/2026,52987,K,9,J,10,
02/06/2026,52988,K,9,10,A,
02/06/2026,52989,Q,7,A,9,
02/06/2026,52990,Q,K,A,9,
02/06/2026,52991,10,K,J,Q,
03/06/2026,52992,10,8,9,K,
03/06/2026,52993,8,8,J,7,
03/06/2026,52994,10,7,10,Q,
03/06/2026,52995,10,7,9,8,
03/06/2026,52996,9,K,8,Q,
03/06/2026,52997,J,A,9,J,
03/06/2026,52998,10,7,9,J,
04/06/2026,52999,7,9,8,7,
04/06/2026,53000,K,9,A,9,
04/06/2026,53001,9,8,7,7,
04/06/2026,53002,7,8,8,A,
04/06/2026,53003,9,10,9,8,
04/06/2026,53004,J,7,7,Q,
04/06/2026,53005,10,8,K,A,
05/06/2026,53006,K,10,J,10,
05/06/2026,53007,A,8,K,Q,
05/06/2026,53008,K,Q,10,10,
06/06/2026,53009,7,7,A,7,
06/06/2026,53010,K,Q,K,10,
07/06/2026,53011,K,9,8,9,
07/06/2026,53012,9,A,8,10,
07/06/2026,53013,7,7,J,7,
07/06/2026,53014,A,Q,Q,A,
07/06/2026,53015,K,7,Q,10,
07/06/2026,53016,10,Q,10,7,
07/06/2026,53017,A,K,8,Q,
08/06/2026,53018,Q,8,K,J,
08/06/2026,53019,A,9,K,10,
08/06/2026,53020,9,K,8,J,
08/06/2026,53021,7,Q,J,J,
08/06/2026,53022,Q,7,A,7,
08/06/2026,53023,8,K,K,8,
08/06/2026,53024,J,8,A,A,
09/06/2026,53025,J,10,7,8,
09/06/2026,53026,8,9,10,K,
09/06/2026,53027,8,10,7,K,
09/06/2026,53028,K,Q,7,A,
09/06/2026,53029,7,10,Q,8,
09/06/2026,53030,Q,A,8,9,
09/06/2026,53031,9,7,J,K,
10/06/2026,53032,9,A,10,8,
10/06/2026,53033,A,A,9,Q,
10/06/2026,53034,8,A,J,7,
10/06/2026,53035,Q,9,Q,7,
10/06/2026,53036,7,8,7,9,
10/06/2026,53037,7,9,9,7,
10/06/2026,53038,7,9,8,Q,
11/06/2026,53039,Q,A,10,10,
11/06/2026,53040,10,9,Q,9,
11/06/2026,53041,K,J,8,8,
11/06/2026,53042,J,8,10,K,
11/06/2026,53043,8,A,K,Q,
11/06/2026,53044,Q,J,Q,K,
11/06/2026,53045,9,8,K,K,
12/06/2026,53046,9,J,Q,10,
12/06/2026,53047,J,Q,A,J,
12/06/2026,53048,7,8,7,A,
13/06/2026,53049,10,J,9,8,
13/06/2026,53050,J,7,A,8,
14/06/2026,53051,J,7,J,7,
14/06/2026,53052,8,J,K,8,
14/06/2026,53053,K,10,Q,A,
14/06/2026,53054,7,7,J,8,
14/06/2026,53055,10,J,7,9,
14/06/2026,53056,9,9,K,Q,
14/06/2026,53057,A,J,K,8,
15/06/2026,53058,K,A,A,9,
15/06/2026,53059,10,Q,J,9,
15/06/2026,53060,8,9,Q,9,
15/06/2026,53061,Q,9,10,7,
15/06/2026,53062,A,Q,A,9,
15/06/2026,53063,10,10,8,J,
15/06/2026,53064,Q,J,9,A,
16/06/2026,53065,Q,K,J,8,
16/06/2026,53066,9,10,Q,9,
16/06/2026,53067,8,K,K,8,
16/06/2026,53068,8,10,10,Q,
16/06/2026,53069,J,Q,Q,7,
16/06/2026,53070,J,7,K,7,
16/06/2026,53071,10,8,A,7,
17/06/2026,53072,Q,8,9,7,
17/06/2026,53073,A,K,K,A,
17/06/2026,53074,Q,9,K,K,
17/06/2026,53075,K,7,9,Q,
17/06/2026,53076,7,10,10,K,
17/06/2026,53077,A,7,10,7,
17/06/2026,53078,Q,Q,10,J,
18/06/2026,53079,8,A,9,7,
18/06/2026,53080,A,K,10,A,
18/06/2026,53081,K,Q,Q,9,
18/06/2026,53082,7,A,10,A,
18/06/2026,53083,A,K,A,7,
18/06/2026,53084,8,K,10,J,
18/06/2026,53085,Q,Q,7,J,
19/06/2026,53086,10,8,Q,K,
19/06/2026,53087,J,9,8,A,
19/06/2026,53088,10,7,A,8,
20/06/2026,53089,J,7,K,10,
20/06/2026,53090,10,Q,10,J,
21/06/2026,53091,A,K,J,10,
21/06/2026,53092,9,10,Q,10,
21/06/2026,53093,9,J,7,Q,
21/06/2026,53094,K,7,7,Q,
21/06/2026,53095,8,10,Q,9,
21/06/2026,53096,9,A,8,A,
21/06/2026,53097,8,K,9,10,
22/06/2026,53098,A,J,J,K,
22/06/2026,53099,9,8,K,Q,
22/06/2026,53100,J,Q,7,J,
22/06/2026,53101,8,9,10,J,
22/06/2026,53102,A,8,8,9,
22/06/2026,53103,K,10,J,Q,
22/06/2026,53104,7,J,A,10,
23/06/2026,53105,8,10,J,A,
23/06/2026,53106,Q,9,K,J,
23/06/2026,53107,10,7,10,10,
23/06/2026,53108,Q,A,10,10,
23/06/2026,53109,8,10,A,A,
23/06/2026,53110,J,A,Q,9,
23/06/2026,53111,Q,A,9,10,
24/06/2026,53112,A,J,K,10,
24/06/2026,53113,8,K,10,7,
24/06/2026,53114,10,9,8,10,
24/06/2026,53115,J,8,9,7,
24/06/2026,53116,Q,9,J,10,
24/06/2026,53117,10,Q,J,A,
24/06/2026,53118,7,Q,A,9,
25/06/2026,53119,7,K,7,Q,
25/06/2026,53120,7,J,A,A,
25/06/2026,53121,10,10,K,J,
25/06/2026,53122,J,J,A,10,
25/06/2026,53123,Q,K,Q,9,
25/06/2026,53124,10,8,9,Q,
25/06/2026,53125,A,J,K,A,
26/06/2026,53126,10,J,9,10,
26/06/2026,53127,A,9,7,10,
26/06/2026,53128,10,7,A,A,
27/06/2026,53129,10,7,Q,A,
27/06/2026,53130,8,8,7,7,
28/06/2026,53131,9,J,10,10,
28/06/2026,53132,9,9,7,J,
28/06/2026,53133,K,J,9,J,
28/06/2026,53134,7,9,J,K,
28/06/2026,53135,7,8,8,A,
28/06/2026,53136,9,J,8,K,
28/06/2026,53137,8,K,J,J,
29/06/2026,53138,K,A,A,9,
29/06/2026,53139,8,9,10,Q,
29/06/2026,53140,9,Q,8,A,
29/06/2026,53141,10,8,Q,Q,
29/06/2026,53142,7,7,K,10,
29/06/2026,53143,Q,7,8,A,
29/06/2026,53144,10,9,9,K,
30/06/2026,53145,Q,Q,7,9,
30/06/2026,53146,9,A,10,J,
30/06/2026,53147,8,A,A,10,
30/06/2026,53148,9,K,A,9,
30/06/2026,53149,J,K,8,9,
30/06/2026,53150,10,10,10,7,
30/06/2026,53151,A,10,7,K,
01/07/2026,53152,9,9,Q,A,
01/07/2026,53153,K,J,K,A,
01/07/2026,53154,9,K,7,10,
01/07/2026,53155,Q,8,A,10,
01/07/2026,53156,9,J,Q,10,
01/07/2026,53157,7,A,J,A,
01/07/2026,53158,7,7,10,8,
02/07/2026,53159,9,K,8,K,
02/07/2026,53160,8,J,8,8,
02/07/2026,53161,7,8,7,10,
02/07/2026,53162,K,J,9,8,
02/07/2026,53163,J,10,9,7,
02/07/2026,53164,7,7,K,10,
02/07/2026,53165,10,8,Q,7,
03/07/2026,53166,10,J,A,9,
03/07/2026,53167,7,7,A,Q,
03/07/2026,53168,8,10,9,J,
04/07/2026,53169,9,J,A,A,
04/07/2026,53170,10,A,Q,8,
05/07/2026,53171,10,7,K,8,
05/07/2026,53172,7,Q,A,K,
05/07/2026,53173,A,A,7,10,
05/07/2026,53174,J,10,J,7,
05/07/2026,53175,9,Q,10,7,
05/07/2026,53176,A,10,8,K,
05/07/2026,53177,8,9,J,K,
06/07/2026,53178,7,K,8,7,
06/07/2026,53179,J,8,K,8,
06/07/2026,53180,7,K,9,J,
06/07/2026,53181,A,Q,7,K,
06/07/2026,53182,K,8,J,Q,
06/07/2026,53183,A,8,A,8,
06/07/2026,53184,10,A,8,A,
07/07/2026,53185,Q,Q,7,9,
07/07/2026,53186,8,Q,8,7,
07/07/2026,53187,J,J,8,Q,
07/07/2026,53188,Q,9,10,7,
07/07/2026,53189,7,J,8,9,
07/07/2026,53190,10,J,A,9,
07/07/2026,53191,9,K,K,7,
08/07/2026,53192,Q,7,J,K,
08/07/2026,53193,9,A,8,A,
08/07/2026,53194,8,A,7,Q,
08/07/2026,53195,7,J,K,7,
08/07/2026,53196,Q,9,K,8,
08/07/2026,53197,A,7,8,Q,
08/07/2026,53198,9,9,A,A,
09/07/2026,53199,Q,A,A,9,
09/07/2026,53200,Q,9,7,A,
09/07/2026,53201,10,9,7,8,
09/07/2026,53202,8,Q,9,A,
09/07/2026,53203,A,A,10,Q,
09/07/2026,53204,9,A,8,Q,
09/07/2026,53205,9,10,7,K,
10/07/2026,53206,K,10,9,8,
10/07/2026,53207,J,10,A,10,
10/07/2026,53208,A,10,8,9,
11/07/2026,53209,7,A,J,10,
11/07/2026,53210,8,J,J,10,
12/07/2026,53211,J,7,9,8,
12/07/2026,53212,9,9,K,8,
12/07/2026,53213,8,7,Q,10,
12/07/2026,53214,9,J,8,Q,
12/07/2026,53215,Q,7,8,A,
12/07/2026,53216,8,9,J,Q,
12/07/2026,53217,7,9,9,A,
13/07/2026,53218,7,A,J,8,
13/07/2026,53219,9,10,J,J,
13/07/2026,53220,9,A,A,Q,
13/07/2026,53221,10,7,A,J,
13/07/2026,53222,8,J,K,J,
13/07/2026,53223,10,7,10,10,
13/07/2026,53224,7,7,A,7,
14/07/2026,53225,Q,K,7,8,
14/07/2026,53226,8,8,A,7,
14/07/2026,53227,K,8,J,Q,
14/07/2026,53228,J,8,K,J,
14/07/2026,53229,A,8,8,A,
14/07/2026,53230,A,Q,K,K,
14/07/2026,53231,A,A,9,9,
15/07/2026,53232,A,Q,A,7,
15/07/2026,53233,7,9,K,A,
15/07/2026,53234,Q,Q,Q,K,
15/07/2026,53235,A,J,9,K,
15/07/2026,53236,9,7,J,A,
15/07/2026,53237,A,7,K,K,
15/07/2026,53238,10,8,Q,J,
16/07/2026,53239,J,10,8,K,
16/07/2026,53240,J,K,A,J,
16/07/2026,53241,10,Q,J,10,
16/07/2026,53242,Q,10,J,8,
16/07/2026,53243,7,K,K,J,
16/07/2026,53244,8,7,J,Q,
16/07/2026,53245,Q,10,Q,J,
17/07/2026,53246,K,9,7,J,
17/07/2026,53247,Q,Q,7,A,
17/07/2026,53248,7,Q,9,Q,
18/07/2026,53249,7,A,A,J,
18/07/2026,53250,10,K,K,K,
19/07/2026,53251,8,K,Q,Q,
19/07/2026,53252,7,J,9,10,
19/07/2026,53253,8,9,9,J,
19/07/2026,53254,9,A,7,8,
19/07/2026,53255,10,8,8,7,
19/07/2026,53256,10,9,9,J,
19/07/2026,53257,Q,A,A,8,
20/07/2026,53258,A,9,K,9,
20/07/2026,53259,10,J,Q,A,
20/07/2026,53260,9,9,9,7,
20/07/2026,53261,K,J,J,A,
20/07/2026,53262,9,7,7,A,
20/07/2026,53263,8,Q,K,7,
20/07/2026,53264,7,10,10,8,
21/07/2026,53265,8,7,8,9,
21/07/2026,53266,A,10,K,8,
21/07/2026,53267,7,J,A,10,
21/07/2026,53268,8,J,8,Q,
21/07/2026,53269,A,A,J,A,
21/07/2026,53270,7,10,10,7,
21/07/2026,53271,Q,7,K,9,
22/07/2026,53272,8,J,J,8,
22/07/2026,53273,8,9,7,K,
22/07/2026,53274,9,7,K,Q,
22/07/2026,53275,J,10,8,A,
23/07/2026,53276,Q,Q,8,10,
23/07/2026,53277,Q,A,8,9,
23/07/2026,53278,8,9,9,10,
23/07/2026,53279,A,J,8,A,
23/07/2026,53280,10,Q,J,J,
23/07/2026,53281,A,7,A,Q,
23/07/2026,53282,7,7,8,10,
24/07/2026,53283,J,7,10,8,
24/07/2026,53284,A,7,Q,8,
24/07/2026,53285,Q,7,10,Q,
25/07/2026,53286,K,Q,8,A,
25/07/2026,53287,8,7,7,A,
26/07/2026,53288,7,K,8,8,
26/07/2026,53289,A,Q,A,9,
26/07/2026,53290,8,K,A,7,
26/07/2026,53291,10,10,A,10,
26/07/2026,53292,7,9,10,Q,
26/07/2026,53293,A,10,7,10,
26/07/2026,53294,A,A,Q,A,
27/07/2026,53295,K,K,9,Q,
27/07/2026,53296,K,A,10,Q,
27/07/2026,53297,J,Q,7,A,
27/07/2026,53298,7,Q,9,K,
27/07/2026,53299,A,A,9,Q,
27/07/2026,53300,9,10,A,J,
27/07/2026,53301,10,7,Q,Q,
28/07/2026,53302,K,9,8,Q,
28/07/2026,53303,J,10,10,9,
28/07/2026,53304,K,10,Q,K,
28/07/2026,53305,10,Q,K,Q,
28/07/2026,53306,8,J,8,8,
28/07/2026,53307,Q,A,9,10,
28/07/2026,53308,10,7,7,8,
29/07/2026,53309,8,8,A,A,
29/07/2026,53310,7,A,7,J,
29/07/2026,53311,K,Q,K,8,
29/07/2026,53312,J,7,Q,7,
29/07/2026,53313,7,8,K,10,
29/07/2026,53314,K,K,Q,K,
29/07/2026,53315,8,K,Q,A,
30/07/2026,53316,10,8,7,9,
30/07/2026,53317,K,J,9,10,
30/07/2026,53318,J,K,A,7,
30/07/2026,53319,A,Q,8,9,
30/07/2026,53320,A,K,8,7,
30/07/2026,53321,7,9,9,Q,
30/07/2026,53322,10,10,9,K,
31/07/2026,53323,A,J,9,8,
31/07/2026,53324,A,9,J,9,
31/07/2026,53325,8,7,K,A,
01/08/2026,53326,9,J,Q,A,
01/08/2026,53327,8,A,9,Q,
02/08/2026,53328,8,10,10,A,
02/08/2026,53329,8,8,K,7,
02/08/2026,53330,7,9,9,7,
02/08/2026,53331,Q,7,8,Q,
02/08/2026,53332,10,K,10,8,
02/08/2026,53333,Q,Q,10,A,
02/08/2026,53334,K,J,Q,8,
03/08/2026,53335,9,Q,7,J,
03/08/2026,53336,Q,J,J,7,
03/08/2026,53337,8,9,10,K,
03/08/2026,53338,A,K,Q,8,
03/08/2026,53339,J,9,K,Q,
03/08/2026,53340,10,Q,Q,J,
03/08/2026,53341,8,8,8,9,
04/08/2026,53342,8,J,10,10,
04/08/2026,53343,7,7,A,8,
04/08/2026,53344,8,10,8,9,
04/08/2026,53345,10,J,9,J,
04/08/2026,53346,K,Q,A,A,
04/08/2026,53347,J,7,J,10,
04/08/2026,53348,8,9,10,10,
05/08/2026,53349,10,J,J,8,
05/08/2026,53350,J,7,K,J,
05/08/2026,53351,7,7,A,9,
05/08/2026,53352,8,K,9,A,
05/08/2026,53353,A,9,10,J,
05/08/2026,53354,Q,Q,K,J,
05/08/2026,53355,K,10,7,9,
06/08/2026,53356,Q,J,Q,10,
06/08/2026,53357,Q,A,7,7,
06/08/2026,53358,8,9,9,8,
06/08/2026,53359,8,8,J,J,
06/08/2026,53360,K,8,7,Q,
06/08/2026,53361,10,J,Q,K,
06/08/2026,53362,Q,9,Q,7,
07/08/2026,53363,A,8,Q,K,
07/08/2026,53364,A,10,8,10,
07/08/2026,53365,7,8,10,A,
08/08/2026,53366,8,8,K,9,
08/08/2026,53367,Q,K,A,9,
09/08/2026,53368,J,10,J,9,
09/08/2026,53369,8,8,A,9,
09/08/2026,53370,J,A,9,A,
09/08/2026,53371,9,7,7,K,
09/08/2026,53372,K,A,Q,7,
09/08/2026,53373,A,K,J,J,
09/08/2026,53374,7,K,Q,A,
10/08/2026,53375,10,Q,A,A,
10/08/2026,53376,Q,Q,J,Q,
10/08/2026,53377,10,9,7,10,
10/08/2026,53378,9,Q,J,K,
10/08/2026,53379,7,Q,K,J,
10/08/2026,53380,7,A,K,Q,
10/08/2026,53381,Q,A,9,7,
11/08/2026,53382,10,8,A,7,
11/08/2026,53383,9,7,8,J,
11/08/2026,53384,Q,9,J,A,
11/08/2026,53385,Q,8,8,10,
11/08/2026,53386,J,Q,A,A,
11/08/2026,53387,J,10,J,K,
11/08/2026,53388,A,9,7,J,
12/08/2026,53389,10,10,A,7,
12/08/2026,53390,10,7,7,K,
